Hindi_raw,expected_outputs,model_prediction,is_correct
नहीं मैंने कुचली बोली थी,नहीं मैंने खुजली बोली थी,कोहनी में कुचली बोली रही है।,False
अचानक जर्दन में बेंठन-सी महसूस होती है।,अचानक गर्दन में ऐंठन-सी महसूस होती है।,अचानक जर्दन में बढ़ जाती है।,False
सुबह उठथे ही गर्दन में काफी जकड़न महसूस होथी है।,सुबह उठते ही गर्दन में काफी जकड़न महसूस होती है।,सुबह उठते ही गर्दन में काफी जकड़न महसूस होती है।,True
गाड़ी में सफर करने दे बाद गर्दन ज्याता जकड़ी हुई लगदी है।,गाड़ी में सफर करने के बाद गर्दन ज्यादा जकड़ी हुई लगती है।,खाना खाने के बाद गर्दन कम हो जाती है।,False
जकनड़ के साथ हल्का दर्द भी महसूस होथा है।,जकड़न के साथ हल्का दर्द भी महसूस होता है।,जकड़न के साथ हल्का दर्द भी महसूस होता है।,True
गर्दन हिलाने पर खिंचाब और कड़ाबन महसूस होता है।,गर्दन हिलाने पर खिंचाव और कड़ापन महसूस होता है।,गर्दन हिलाने पर खिंचाव और कड़ापन महसूस होता है।,True
मुझे अक्सर विना वजह घबराहत महसूस होती है।,मुझे अक्सर बिना वजह घबराहट महसूस होती है।,मुझे अक्सर बिना वजह घबराहट महसूस होती है।,True
थोड़ी सी बात पर दिल घवराने लगथा है।,थोड़ी सी बात पर दिल घबराने लगता है।,थोड़ी सी बात पर दिल घबराहट लगती है।,False
पीड़ या नए लोगों के बीच जाने पर बहुत घबराहट होने लगती है।,भीड़ या नए लोगों के बीच जाने पर बहुत घबराहट होने लगती है।,पीरियड्स के साथ जाँच पर बहुत घबराहट होने लगती है।,False
घबराहत में हाथ-पैर ठंडे पड़ जादे हैं।,घबराहट में हाथ-पैर ठंडे पड़ जाते हैं।,घबराहट में हाथ-पैर ठंड लग जाते हैं।,False
कोई कम शुरू करने से पहले ही पेचैनी होने लगती है।,कोई काम शुरू करने से पहले ही बेचैनी होने लगती है।,कोई कम शुरू करने से पहले ही पेच होने लगती है।,False
घबराहट होने पर पसीना पी ज्याता आने लगता है।,घबराहट होने पर पसीना भी ज्यादा आने लगता है।,घबराहट होने पर पसीना पीरियड्स आने लगता है।,False
घबराहट में ठीक से वात भी नहीं कर पाती।,घबराहट में ठीक से बात भी नहीं कर पाती।,घबराहट में ठीक से वात भी नहीं कर पाती।,False
कबी-कबी घबराहट इतनी बद जाती है कि कुछ भी करने का पन नहीं करता।,कभी-कभी घबराहट इतनी बढ़ जाती है कि कुछ भी करने का मन नहीं करता।,कभी-कभी घबराहट के कारण बदल जाती है।,False
"हाँ, पेट फूदा-फूदा और दर्द करता है।","हाँ, पेट फूला-फूला और दर्द करता है।",पेट फूला-फूला और दर्द करता है।,False
कल दो बार उल्ती हुई थी,कल दो बार उल्टी हुई थी,कल दो बार उल्टी हुई है।,False
तनाव बदने पर दिल जोर से धड़कती है और पसीना आता है।,तनाव बढ़ने पर दिल जोर से धड़कता है और पसीना आता है।,सांस लेने पर दिल जोड़ से धड़कती है और पसीना आता है।,False
गला खुदलीदार और खरार वाला लगता है।,गला खुजलीदार और खराश वाला लगता है।,गला खुजली और खराश वाला लगता है।,False
नक और आंखों के आसपास दबाध सा लगता है।,नाक और आंखों के आसपास दबाव सा लगता है।,मुझे आँखों के आसपास दबाव सा लगता है।,False
चकार आने पर उल्दि जैसा लगता है।,चक्कर आने पर उल्टी जैसा लगता है।,चलने पर उल्कुल जैसी लगता है।,False
त्वशा भी पीली-पील सी लग रही है।,त्वचा भी पीली-पील सी लग रही है।,त्वचा भी पीली-पीली लगती है।,False
पेध के दाहिती ओर ऊपर हल्का दर्द रहता है।,पेट के दाहिनी ओर ऊपर हल्का दर्द रहता है।,पेशाब के दाने में हल्का दर्द रहता है।,False
कवी-कवी आंखों में जलद होती है।,कभी-कभी आंखों में जलन होती है।,कभी-कभी आँखों में जलन होती है।,False
बुखाद आने पर बहुत ठंद लगती है।,बुखार आने पर बहुत ठंड लगती है।,बुखार आने पर बहुत ठंड लगती है।,True
खांबी के साथ हल्दा बुखार है।,खांसी के साथ हल्का बुखार है।,खांसी के साथ हल्का बुखार है।,True
लंबे समय तक खांदने के बाद सीने में दर्द होता है।,लंबे समय तक खांसने के बाद सीने में दर्द होता है।,लंबे समय तक खाना खाने के बाद सीने में दर्द होता है।,False
गती खराश और दर्द करता है।,गला खराश और दर्द करता है।,गती खराश और दर्द करता है।,False
खांसने के बाद सांस तेध हो जाती है।,खांसने के बाद सांस तेज़ हो जाती है।,खाना खाने के बाद सांस तेज़ हो जाती है।,False
मुझे थायरॉदा है और मैं रोज़ दवा लेती हूँ।,मुझे थायरॉयड है और मैं रोज़ दवा लेती हूँ।,मुझे थायरॉय है और मैं रोज़ दवा लेती है।,False
गर्दद के किनाशा सूजन जैसा लगता है।,गर्दन के किनारे सूजन जैसा लगता है।,गर्दन के आसपास सूजन जैसी लगता है।,False
पेत में मरोद जैसा दर्द होता है।,पेट में मरोड़ जैसा दर्द होता है।,पेशाब में जलन जैसी दर्द होता है।,False
बहुत प्याशा लग रही है और मुँख सूखा रहता है।,बहुत प्यास लग रही है और मुँह सूखा रहता है।,बहुत प्यार लग रही है और मुँह सूजन रहता है।,False
रात को बुखा के साथ कंपकंप होती है।,रात को बुखार के साथ कंपकंपी होती है।,रात को बुखा के साथ कंधा शुरू होती है।,False
ठंड लने पर शरीर बिल्कुल कमजोश लगता है।,ठंड लगने पर शरीर बिल्कुल कमजोर लगता है।,ठंड लेने पर शरीर बिल्कुल कमजोरी लगता है।,False
सूजन वाले हिस्से को दबेने पर दर्द होता है।,सूजन वाले हिस्से को दबाने पर दर्द होता है।,सूजन वाले हिस्से को दबाने पर दर्द होता है।,True
घादा के आसपास त्वशा में दर्द है।,घाव के आसपास त्वचा में दर्द है।,खाना के आसपास त्वचा में दर्द है।,False
वीख कम हो गई है और थोड़ा बेजन भी घटा है।,भूख कम हो गई है और थोड़ा वजन भी घटा है।,पीरियड्स कम हो गई है और थोड़ा बेजन भी घटा है।,False
रात में नीं टूट जाती है और फिर नहीं आती।,रात में नींद टूट जाती है और फिर नहीं आती।,रात में नींद टूट जाती है और फिशर नहीं आती है।,False
परों में अक्सर सुन्नपती और झनझनाहत रहती है।,पैरों में अक्सर सुन्नपन और झनझनाहट रहती है।,परिवार में अक्सर सुन्नपन और झनझनाहट रहती है।,False
मेरा बीती ज़्यातर ऊँचा रहता है।,मेरा बीपी ज़्यादातर ऊँचा रहता है।,मेरे बीती में ज़्यादा ऊँचा रहता है।,False
धूत में बहुत छींश आती है।,धूल में बहुत छींक आती है।,धड़कन में बहुत छींक आती है।,False
मूंगफल खाने से गले में खुजती होती है।,मूंगफली खाने से गले में खुजली होती है।,मुँह खाने से गले में खुजली होती है।,False
अक्सर सिरर्द होता है और कभी-कभी चक्कश भी आते हैं।,अक्सर सिरदर्द होता है और कभी-कभी चक्कर भी आते हैं।,अक्सर सिरदर्द होता है और कभी-कभी चोट भी आता है।,False
"हाँ, मुझे पिशाले 4 साल से डायबिटीजत है।","हाँ, मुझे पिछले 4 साल से डायबिटीज़ है।",मुझे पिंडली में डायबिटीज होता है।,False
पिछले हफ्ते पेट में इंफेक्शध हुआ था।,पिछले हफ्ते पेट में इंफेक्शन हुआ था।,पिछले हफ्ते पेट में इंफेक्शन होता है।,False
"खूद की कमी नहीं, पर हात में तनाव बहुत है।","खून की कमी नहीं, पर हाल में तनाव बहुत है।",खून की कमी नहीं है।,False
"हाँ, परों में हल्की सूज है।","हाँ, पैरों में हल्की सूजन है।",हाँ परिवार में हल्का सूजन है।,False
कभी तेज़ चुभश तो कभी हल्का दर्द।,कभी तेज़ चुभन तो कभी हल्का दर्द।,कभी तेज़ चुभन भी हल्का दर्द है।,False
हाथों में खुली रहती है और नाक में जलद होती है।,हाथों में खुजली रहती है और नाक में जलन होती है।,हाथों में खुजली रहती है और नाक में जलन होती है।,True
दान के आसपस सूजन है।,दाने के आसपास सूजन है।,दान के आसपास सूजन है।,False
पेट फूलदे के साथ मरोड़ भी होती है।,पेट फूलने के साथ मरोड़ भी होती है।,पेट फूलने के साथ मरोड़ भी होती है।,True
सीने में भारपन और जकदन लगती है।,सीने में भारीपन और जकड़न लगती है।,सुबह उठने में भारपन और जकड़न लगती है।,False
"हाँ, मसलेदार खाना खाने पर बहुत जलती होती है और कभी-कभी हल्का खून आता है।","हाँ, मसालेदार खाना खाने पर बहुत जलन होती है और कभी-कभी हल्का खून आता है।",खाना खाने पर बहुत जलन आती है और कभी-कभी हल्का खून आता है।,False
नथने के अंदर हल्क जलन और दर्द रहता है।,नथुने के अंदर हल्की जलन और दर्द रहता है।,नथने के बाद हल्क जलन और दर्द रहता है।,False
ज़्यादा ज़ोर से नाक साफ करवने पर या बहुत सूख हवा में खून आता है।,ज़्यादा ज़ोर से नाक साफ करने पर या बहुत सूखी हवा में खून आता है।,ज़्यादा ज़्यादा ज़्यादा से नाक सांस करने पर बहुत सूजन आता है।,False
कंपकंप होने पर शरीर ती ला-सा लगने लगता है।,कंपकंपी होने पर शरीर ढीला-सा लगने लगता है।,कंधे होने पर शरीर में ला-सा लगना लगता है।,False
आंकें लाल ज़्यादा होने पर थोड़ा धुंधला दिखता है।,आंखें लाल ज़्यादा होने पर थोड़ा धुंधला दिखता है।,आँखों में ज़्यादा होने पर थोड़ा धड़कन दिखता है।,False
कन के अंदर कभी-कवि चिपचिपा स्राव और खुजदी होती है।,कान के अंदर कभी-कभी चिपचिपा स्राव और खुजली होती है।,कन के अंदर कभी-कभी चिपचिपेपन और खुजली होती है।,False
नाक से खून रुकने के बाद कुछ समय तक चक्कें जैसा लगता है।,नाक से खून रुकने के बाद कुछ समय तक चक्कर जैसा लगता है।,नाक से खून रुकने के बाद कुछ समय तकचली जैसी लगता है।,False
सीढ़ियाँ चपते समय सांस फूदती है और गहरी सांस नहीं ले पाता,सीढ़ियाँ चढ़ते समय सांस फूलती है और गहरी सांस नहीं ले पाता,सुबह उठते समय सांस फूलती है और गैस फूलती है।,False
धड़नक कभी रुक-सी जाती है फिर तेश पड़ती है।,धड़कन कभी रुक-सी जाती है फिर तेज़ पड़ती है।,धड़कन कभी रुक-रुक जाती है।,False
बाँहों पर छोते-छोते लाल दाते हैं जगह लाल और थोड़ी सूजी हुई है।,बाँहों पर छोटे-छोटे लाल दाने हैं जगह लाल और थोड़ी सूजी हुई है।,बाँहों पर छाले-छोते लाल दाते हैं।,False
चक्ते आते हैं और उँगतीयों में झनझनाहट होती है।,चक्कर आते हैं और उँगलियों में झनझनाहट होती है।,चक्कर आते हैं और उँगली में झनझनाहट होती है।,False
"हाँ, रात में खुजल के कारण नींत टूट जाती है।","हाँ, रात में खुजली के कारण नींद टूट जाती है।",रात में खुजली के कारण नींद टूट जाती है।,False
"हाँ, सामान रखकर भूदा जाती हूँ और बातें याद नहीं रहतीं।","हाँ, सामान रखकर भूल जाती हूँ और बातें याद नहीं रहतीं।",सांस लेने पर भूख आती है और बातों याद नहीं रहती है।,False
मुझे हाई बीती और थायरॉयदा की समस्या है।,मुझे हाई बीपी और थायरॉयड की समस्या है।,मुझे हाई बीती और थायरॉयदा की समस्या है।,False
अचानक बहुत तेज़ चलने लगती हूँ और कुछ सेकंड के लिए बेशी-सी लगती है।,अचानक बहुत तेज़ चलने लगती हूँ और कुछ सेकंड के लिए बेहोशी-सी लगती है।,अचानक बहुत तेज़ चलने लगती है।,False
कभी-कभी पील में दर्द और घबराटह रहती है।,कभी-कभी पीठ में दर्द और घबराहट रहती है।,कभी-कभी पीरियड्स में दर्द और घबराहट रहती है।,False
त्वचा थोड़ी काली और खुररी हो गई है।,त्वचा थोड़ी काली और खुरदरी हो गई है।,त्वचा थोड़ी काली और खुरदरी हो गई है।,True
"ज़्यादातर हाल की बातें ,नाकें और नई योजनाएँ भूल जाती हूँ।","ज़्यादातर हाल की बातें ,नाम और नई योजनाएँ भूल जाती हूँ।",ज़्यादा हाल की बातों और नई योजनाएँ भूल जाती है।,False
"थकान रहती है, चिड़वीड़ापन है और नींद टूते-टूते कर आती है।","थकान रहती है, चिड़चिड़ापन है और नींद टूट-टूट कर आती है।",दस्त रहती है और नींद टूट जाती है।,False
सीढ़ियों पर फिसलकर कलावी पर गिर गई।,सीढ़ियों पर फिसलकर कलाई पर गिर गई।,पीरियड्स पर फिशर की समस्या पर गिर गई है।,False
बाँह की हडद्दी और कलाई के पास तेज़ दर्द है।,बाँह की हड्डी और कलाई के पास तेज़ दर्द है।,बाँह की हड्डी और कलाई के पास दर्द है।,False
हाथ में सूजन है और गरल लगता है।,हाथ में सूजन है और गरम लगता है।,हाथ में सूजन है और गर्दन लगता है।,False
दौड़ते समय टखते मुड़ गया।,दौड़ते समय टखना मुड़ गया।,दौड़ते समय टखते समय टखते समय टखते मुझे मुझे मुड़ गया है।,False
वहन डालने पर हाथ में दर्द पढ़ जाता है।,वजन डालने पर हाथ में दर्द बढ़ जाता है।,वहन करने पर हाथ में दर्द बढ़ जाता है।,False
ऊबड़-ऊबड़ ज़मीन पर पैल डगमगाता है।,ऊबड़-खाबड़ ज़मीन पर पैर डगमगाता है।,ऊबड़-ऊबड़ ज़मीन पर पैर बढ़ जाता है।,False
बाय पिंडली में झुनझन और सुन्नपल होता है,बाय पिंडली में झुनझुनी और सुन्नपन होता है,बाय पिंडली में झुकने और सुन्नपन होता है।,False
पैर में सूजन है और नीवी-सा निशान है।,पैर में सूजन है और नीला-सा निशान है।,पैर में सूजन है और नींद-नींद है।,False
पिछले साल एमआरआए में स्लिप्ड डिस्त दिखा था।,पिछले साल एमआरआई में स्लिप्ड डिस्क दिखा था।,पिछले साल एमआईए में स्लिप्ड डिस्त दिखा है।,False
घुटन और उँगबेयों के जोड़ में दर्द होता है।,घुटने और उँगलियों के जोड़ में दर्द होता है।,घुटना और उँगली के जोड़ में दर्द होता है।,False
ज़्यादा चलने पर घुटते सूज जाते हैं।,ज़्यादा चलने पर घुटने सूज जाते हैं।,ज़्यादा चलने पर घुटते सूजन जाते हैं।,False
उठने के बाद लगभग 20–30 मिनट तक जकदन रहती है।,उठने के बाद लगभग 20–30 मिनट तक जकड़न रहती है।,उठने के बाद लगभग 20 मिनट तक जकड़न रहती है।,False
हलच सीमिसीत है पर चलन में दर्द होता है।,हलचल सीमित है पर चलने में दर्द होता है।,हलच सीमा है पर चलने में दर्द होता है।,False
बीच-वीच में जल जैसा महसूस होता है,बीच-बीच में जलन जैसा महसूस होता है,बीच-वेच में जलन जैसी महसूस होता है।,False
"हाँ, धड़कन हुआ दर्द नींद से जगा देता है।","हाँ, धड़कता हुआ दर्द नींद से जगा देता है।",सुबह उठते ही दर्द नींद से जकड़न होता है।,False
हल्का व्यायम मदत करता है पर ठंड में दर्द बढ़ता है।,हल्का व्यायाम मदद करता है पर ठंड में दर्द बढ़ता है।,हल्का व्यायाम करता है पर ठंड में दर्द बढ़ता है।,False
कुछ खाने के बाद ही पेट भर जाता है और तला – तना नहीं खा पाती।,कुछ खाने के बाद ही पेट भर जाता है और तला – भुना नहीं खा पाती।,कुछ खाने के बाद पेट भर जाता है।,False
जात खोलना और सीढ़ियाँ चढ़ना मश्किल होता है।,जार खोलना और सीढ़ियाँ चढ़ना मुश्किल होता है।,जाँच खोलना और सीढ़ियाँ चढ़ना महसूस होता है।,False
मुझे एसिटीडि रहती है पर कोई बड़ी बीमारी नहीं है।,मुझे एसिडिटी रहती है पर कोई बड़ी बीमारी नहीं है।,मुझे एसिडिटी रहती है पर कोई बड़ी बीमारी नहीं है।,True
कई साल से लैक्टोजत इंटॉलस है।,कई साल से लैक्टोज़ इंटॉलरेंस है।,कई साल से लैक्टोजत होता है।,False
पिछले हफ्ते बुखार था पर भूखा अभी तक नहीं लौटी।,पिछले हफ्ते बुखार था पर भूख अभी तक नहीं लौटी।,पिछले हफ्ते बुखार था पर भूख भी कम हो जाती है।,False
झुकते या उठाने पर पैर में दर्द बढ़ जाता है।,झुकने या उठाने पर पैर में दर्द बढ़ जाता है।,झुकने पर पैर में दर्द बढ़ जाता है।,False
नींद की कम और चॉकलेट से सरदर्त ट्रिगर होता है।,नींद की कमी और चॉकलेट से सरदर्द ट्रिगर होता है।,नींद की कम और चॉकलेट से सिरदर्द ट्रिगर होता है।,False
"गर्दन में दो छोटे गाँते जैसे हैं और हाँ, छूने पर हल्का दर्द होता है।","गर्दन में दो छोटे गाँठ जैसे हैं और हाँ, छूने पर हल्का दर्द होता है।","गर्दन में दो छोटे गाँते जैसी हैं और हाँ, छूने पर हल्का दर्द होता है।",False
कमर के निचते हिस्से से शुरू होकर बाएँ पैर तक दर्द जाता है।,कमर के निचले हिस्से से शुरू होकर बाएँ पैर तक दर्द जाता है।,कमर के निचते ही पैर से शुरू होता है।,False
उठन के बाद 20 मिनट तक तेढ़ी-मेढ़ी रोशनी दिखती है।,उठने के बाद 20 मिनट तक टेढ़ी-मेढ़ी रोशनी दिखती है।,उठने के बाद तेज़-तेज़ रोशनी दिखती है।,False
खाने का स्वाद पीका लगता है पर निगलते में दिक्कत नहीं।,खाने का स्वाद फीका लगता है पर निगलने में दिक्कत नहीं।,खाना खाने के बाद पीठ पीठ लगता है।,False
"बड़े पैर का अंगूता लाल, सूजा और गरथ है।","बड़े पैर का अंगूठा लाल, सूजा और गरम है।",बड़े पैर का अंगूता लाल और सूजन है।,False
धड़ताक हुआ र्दद नींद से जगा देता है।,धड़कता हुआ दर्द नींद से जगा देता है।,सुबह उठते ही नींद से जकड़न होता है।,False
करम के निचले हिस्स से शुरू होकर र्दद बाएँ पैर तक जाता है।,कमर के निचले हिस्से से शुरू होकर दर्द बाएँ पैर तक जाता है।,करने के बाद भी सिरदर्द बढ़ जाता है।,False
बाय पिंलीड में झुनझुन और सुन्नपन होता है,बाय पिंडली में झुनझुनी और सुन्नपन होता है,बाय पिंडली में झुकने और सुन्नपन होता है।,False
पिछले साल आरएमआई में स्लप्ड डिस्क दिखा था।,पिछले साल एमआरआई में स्लिप्ड डिस्क दिखा था।,पिछले साल आरआई में स्लिप डिस्क दिखा है।,False
लंबे समय बठने और खसरने पर दर्द बढ़ता है।,लंबे समय बैठने और खाँसने पर दर्द बढ़ता है।,लंबे समय बढ़ने पर दर्द बढ़ जाता है।,False
बीश-बीश में जलन जैसा महसूस होता है,बीच-बीच में जलन जैसा महसूस होता है,बीश-बीश में जलन जैसी महसूस होता है।,False
उठने के बाद भगलग 20–30 मिनट तक जड़नक रहती है।,उठने के बाद लगभग 20–30 मिनट तक जकड़न रहती है।,व्यायाम करने के बाद भूल्हा में जकड़न रहती है।,False
घुटन और उँलिगयों के जोड़ में दर्द है,घुटने और उँगलियों के जोड़ में दर्द है,घुटना और उँगलियों के जोड़ में दर्द है।,False
र्दद जेल लगाती हूँ और जिफियो एक्ससाइज़ करती हूँ।,दर्द जेल लगाती हूँ और फिजियो एक्सरसाइज़ करती हूँ।,र्दद जेल लगाती है और जिगर एक्साइटिस करती है।,False
"हाँ, दो महनों में 4 किल बिना कोशिश के।","हाँ, दो महीनों में 4 किलो बिना कोशिश के।",दो महीने में 4 किल बिना कोशिश के कारण कोशिश होता है।,False
कुछ खने के बाद ही पेत भर जाता है और तला – भुना नहीं खा पाती।,कुछ खाने के बाद ही पेट भर जाता है और तला – भुना नहीं खा पाती।,कुछ खने के बाद पानी भर जाता है।,False
पीयरिड्स के बीच कभी-कभी स्पॉटग होती है।,पीरियड्स के बीच कभी-कभी स्पॉटिंग होती है।,पीरियड्स के साथ कभी-कभी स्पॉट होती है।,False
जिफियो से थोड़ा फायदा हुआ; हट पड लगाती हूँ।,फिजियो से थोड़ा फायदा हुआ; हीट पैड लगाती हूँ।,जिफियो से थोड़ा फायदा हुआ है।,False
कंदे पर नया गहर स्साम दिखा है।,कंधे पर नया गहरा मस्सा दिखा है।,कंधे पर नया गैस महसूस होता है।,False
निलगने में दिक्त नहीं पर तीन हफ्तों से खाँसी है।,निगलने में दिक्कत नहीं पर तीन हफ्तों से खाँसी है।,निगलने में दिक्कत नहीं पर तीन हफ्ते से खाँसी है।,False
रामआ के बाद भी थवटका बनी रहती है।,आराम के बाद भी थकावट बनी रहती है।,मुझे के बाद भी थकान बनी रहती है।,False
पीठ में लगातार हल्क लेकिन बना रहने वाला दर्द है।,पीठ में लगातार हल्का लेकिन बना रहने वाला दर्द है।,पीठ में लगातार हल्क लेकिन बना रहता है।,False
जल्द पट भर जाता है और खाने छोड़ देती हूँ।,जल्दी पेट भर जाता है और खाना छोड़ देती हूँ।,जल्द पट भर जाता है और खाने छोड़ देती है।,False
पिशले महने लंबी वारयल खाँसी रही है।,पिछले महीने लंबी वायरल खाँसी रही है।,पिंडली महसूस होने लगती है।,False
दो महीन पहले टीयूआई हुआ था।,दो महीने पहले यूटीआई हुआ था।,दो महीने पहले टीआई हुआ था।,False
प्याश के काणर पानी ज़्यदा पी रही हूँ।,प्यास के कारण पानी ज़्यादा पी रही हूँ।,गर्मी के बाद पानी ज़्यादा पी रही है।,False
पिछले साल थायडरॉय सामान्य था।,पिछले साल थायरॉयड सामान्य था।,पिछले साल थायरॉय सामान्य है।,False
पिताजी को डायटीबिज़ है और मैं जाँश करा रही हूँ।,पिताजी को डायबिटीज़ है और मैं जाँच करा रही हूँ।,पिताजी को डायटीरियल है और मैं जाँच कर रही है।,False
भारी डिब्बा गतल तरीक से उठा लिया और पठ में तबसे लगारत दर्द है।,भारी डिब्बा गलत तरीके से उठा लिया और पीठ में तबसे लगातार दर्द है।,भारी डिब्बा गैस से उठा लिया और पेशाब में तब से लगातार लगातार दर्द है।,False
कमर के निचल हिस्सू की माँसपेशियाँ खिंचाव है,कमर के निचले हिस्से की माँसपेशियाँ खिंचाव है,कमर के निचैनी की समस्या खिंचाव है।,False
हल्क सजन है पर नीला निचन नहीं।,हल्की सूजन है पर नीला निशान नहीं।,हल्क सजन है पर नींद निकला है।,False
आगे झुकन पर दर्द होता है पर हरतक काम हो गई है,आगे झुकने पर दर्द होता है पर हरकत कम हो गई है,आगे झुकने पर दर्द होता है।,False
गर्म सेत और हल्की स्ट्चिंग से थोड़ी राहत मिलती है।,गर्म सेक और हल्की स्ट्रेचिंग से थोड़ी राहत मिलती है।,गर्मी से और हल्का स्टीमिंग से थोड़ी राहत मिलती है।,False
"दो दिन पहले, अचानक खड़े होने पर आँकें के आगे अँधेरा छा गया था।","दो दिन पहले, अचानक खड़े होने पर आँखों के आगे अँधेरा छा गया था।",दो दिन पहले अचानक खून होने पर आँखों के आगे अकड़न छा गया है।,False
"चक्कर, पसीन और नरज धुंधली होने लगी थी।","चक्कर, पसीना और नजर धुंधली होने लगी थी।",चक्कर और पसीना धुंधली होने लगती है।,False
पेट की तलीकफ़ है और पान कम पी रही हूँ।,पेट की तकलीफ़ है और पानी कम पी रही हूँ।,पेट की तल्टी है और पान कम हो जाती है।,False
काफी देर बैठन के बाद खड़ी हुई थी तो शक्कर आने लगे,काफी देर बैठने के बाद खड़ी हुई थी तो चक्कर आने लगे,काफी देर बैठने के बाद खून आने लगती है।,False
भीड़ और कड़े डेलाइन पर ज़्यादा रसदर्द बढ़ जाती है।,भीड़ और कड़े डेडलाइन पर ज़्यादा सरदर्द बढ़ जाती है।,खाना खाने पर ज़्यादा रसद बढ़ जाती है।,False
पिछले साल भी कमर में ऐसा ही खिंचाव हुआ था।,पिछले साल भी कमर में ऐसा ही खिंचाव हुआ था।,पिछले साल भी कमर में ऐंठन होता है।,False
रात में गड़ी चलाना मुश्किल हो गया है।,रात में गाड़ी चलाना मुश्किल हो गया है।,रात में गैस चलना मुश्किल हो गया है।,False
"हाँ, रात में एंटीस्टामिहिन लेती हूँ।","हाँ, रात में एंटीहिस्टामिन लेती हूँ।",रात में एंटीस्टोन लेती है।,False
तंकूबा नहीं पर कवी-कवी शराब पीती हूं,तंबाकू नहीं पर कभी-कभी शराब पीती हूं,त्वचा नहीं पर कूल्हा-कूल्हा शुरू होती है।,False
ऑफस में एक सकहर्मी को पिछले हफ्ते यही लक्षण थे,ऑफिस में एक सहकर्मी को पिछले हफ्ते यही लक्षण थे,बैठने के बाद यही लक्षण होता है।,False
बहुत थकान रहती है दिन में भी पझकी लेनी पड़ती है,बहुत थकान रहती है दिन में भी झपकी लेनी पड़ती है,बहुत थकान रहती है दिन में भी पेशाब रहती है।,False
ऑटोम्यून समस्या नहीं; शुगर की जाँच बाकी है।,ऑटोइम्यून समस्या नहीं; शुगर की जाँच बाकी है।,बैक्टीरियड्स समस्या नहीं है।,False
मेरी नक से अचानक खून बने लगता है।,मेरी नाक से अचानक खून बहने लगता है।,मेरी नकसी से अचानक खून बने लगता है।,False
कुछ मिनट से लेकर करब एक घंदे तक सरदर्द रहता है।,कुछ मिनट से लेकर करीब एक घंटे तक सरदर्द रहता है।,कुछ मिनट से लेकर कर एक घाव तक सरदर्द रहता है।,False
मुझे वीर-वीर मतली जैसी महसूस होती है।,मुझे बार-बार मतली जैसी महसूस होती है।,मुझे वीर-वीर मतली जैसी महसूस होती है।,False
थोड़ा-सा चलन पर भी चक्र और मतली महसूस होती है।,थोड़ा-सा चलने पर भी चक्कर और मतली महसूस होती है।,थोड़ा-थोड़ा चलने पर भी मतली महसूस होती है।,False
ठंडा या गर् पानी लगने पर नाखन में ज्यादा दर्द होने लगता है।,ठंडा या गर्म पानी लगने पर नाखून में ज्यादा दर्द होने लगता है।,ठंड में गर्मी लगने पर नाखून में दर्द होने लगता है।,False
ऑरेपशन के बाद से कभी-कभी सिर भारी-सा रहता है।,ऑपरेशन के बाद से कभी-कभी सिर भारी-सा रहता है।,बैठने के बाद से कभी-कभी सिर भारी रहता है।,False
ल्का झुकने या दबाव आने पर नक से खन टपकने लगता है।,हल्का झुकने या दबाव आने पर नाक से खून टपकने लगता है।,ल्कुल झुकने के बाद नकसीर आना लगता है।,False
कई बार संतलन बनने में दिक्कत होती है।,कई बार संतुलन बनाने में दिक्कत होती है।,कई बार संक्रमण बनने में दिक्कत होती है।,False
लंबे समय तक ध्यान लगाने पर सिर में खिंछव जैसा महसूस होता है।,लंबे समय तक ध्यान लगाने पर सिर में खिंचाव जैसा महसूस होता है।,लंबे समय तक ध्यान लगाने पर सिर में खिंचाव जैसी महसूस होता है।,False
सर्जर के बाद डॉक्टर ने आराम और साधानी बरतने को कहा था।,सर्जरी के बाद डॉक्टर ने आराम और सावधानी बरतने को कहा था।,खाना खाने के बाद डॉक्टर ने आँख और साधन बढ़ जाता है।,False
हाथ पर एक-दो दर्नाक फोड़े निकल आए हैं।,हाथ पर एक-दो दर्दनाक फोड़े निकल आए हैं।,हाथ पर एक दर्द फोड़ा निकल आए हैं।,False
कभी-कभी सोते-सोते भी नाक से खून निकल जाता है।,कभी-कभी सोते-सोते भी नाक से खून निकल जाता है।,कभी-कभी सोते-सोते भी नाक से खून निकल जाता है।,True
मेरी पहल दिगमा की सर्री हो चुकी है।,मेरी पहले दिमाग की सर्जरी हो चुकी है।,मेरे पेशाब दिमाग की सर्री होती है।,False
न्यूरोसरीर्ज के बाद से थोड़ी कमरीजो महसूस होती है।,न्यूरोसर्जरी के बाद से थोड़ी कमजोरी महसूस होती है।,व्यायाम के बाद से थोड़ी कमजोरी महसूस होती है।,False
फोड़े वाली जगह पर छने से बहुत तेज़ दर्द होता है।,फोड़े वाली जगह पर छूने से बहुत तेज़ दर्द होता है।,फोड़े पर छूने से बहुत दर्द होता है।,False
नाक के अंदर ऐसा लगता है जैसे कोई नाकज़ु नस फट रही हो।,नाक के अंदर ऐसा लगता है जैसे कोई नाज़ुक नस फट रही हो।,नाक के अंदर ऐंठन लगता है।,False
फोड़ा पकन पर हल्का-सा मदवा भी दिखता है।,फोड़ा पकने पर हल्का-सा मवाद भी दिखता है।,फोड़ा पलक पर हल्का-सा मदवा भी दिखता है।,False
काफी समय से नाखन का दर्द पूर तरह से जा नहीं रहा।,काफी समय से नाखून का दर्द पूरी तरह से जा नहीं रहा।,काफी समय से नाखून का दर्द कम हो जाता है।,False
सुबह उठत ही पेट में उल्ट-सी आने लगती है।,सुबह उठते ही पेट में उल्टी-सी आने लगती है।,सुबह उठते ही पेट में उँगली आने लगती है।,False
खाना देखने या उसकी गंत से उल्टी जैसा लगने लगता है।,खाना देखने या उसकी गंध से उल्टी जैसा लगने लगता है।,खाना खाने के बाद गैस से उल्टी जैसी लगना लगता है।,False
नाक के अंदर जलद और चुबन के बाद खून आने लगता है।,नाक के अंदर जलन और चुभन के बाद खून आने लगता है।,नाक के आसपास जलन और चुभन के बाद खून आने लगता है।,False
कवी-कवी घबराहट इतनी बढ़ जाती है कि कुछ भी करन का मन नहीं करता।,कभी-कभी घबराहट इतनी बढ़ जाती है कि कुछ भी करने का मन नहीं करता।,कभी-कभी घबराहट के कारण बढ़ जाती है।,False
मुझे अक्सर बिना बजह घबराहट महसूस होती है।,मुझे अक्सर बिना वजह घबराहट महसूस होती है।,मुझे अक्सर बिना घबराहट महसूस होती है।,False
न्यूरोसर्र की वजह से अभी भी नियमित चेअप कराना पड़ता है।,न्यूरोसर्जरी की वजह से अभी भी नियमित चेकअप कराना पड़ता है।,कमर की वजह से अभी भी नियमित चेहनी करना रहता है।,False
"गर्दन में कमजोर महसूस होती है, जैसे सिर संभालन मुश्किल हो।","गर्दन में कमजोरी महसूस होती है, जैसे सिर संभालना मुश्किल हो।",गर्दन में कमजोरी महसूस होती है।,False
भीड़ या नए लोगों के बच जाने पर बहुत बराहट होने लगती है।,भीड़ या नए लोगों के बीच जाने पर बहुत घबराहट होने लगती है।,खाना खाने पर बहुत बढ़ जाती है।,False
मुँह घुमाने या निलने पर सजन वाली जगह खिंचती है।,मुँह घुमाने या निगलने पर सूजन वाली जगह खिंचती है।,मुँह घुमाने के बाद सजन वाली जगह खिंचती है।,False
गर् लगने पर नकसीश ज्यादा हो जाती है।,गर्मी लगने पर नकसीर ज्यादा हो जाती है।,गर्मी लगने पर नकसीश कम हो जाती है।,False
गर्दन की मांसशिपेयों में ताकत कम महसूस होती है।,गर्दन की मांसपेशियों में ताकत कम महसूस होती है।,गर्दन की मांसपेशी में ताकत कम महसूस होती है।,False
सूजन के कारण गल और गर्न दोनों में असहजता रहती है।,सूजन के कारण गला और गर्दन दोनों में असहजता रहती है।,सूजन के कारण गल और गर्दन दोनों में असहनीय रहती है।,False
गर्नपे पर तेज़ चीज़ से कट लग गया है।,गर्दन पर तेज़ चीज़ से कट लग गया है।,गर्मी पर तेज़ चीज़ से कट लग गया है।,False
काफी समय से फोड़ पूरी तरह सूख नहीं रहा है।,काफी समय से फोड़ा पूरी तरह सूख नहीं रहा है।,काफी समय से फोड़ पूरी तरह सूजन है।,False
कपड़ा या चेन छू जाए तो फड़ा और ज्यादा दुखत है।,कपड़ा या चेन छू जाए तो फोड़ा और ज्यादा दुखता है।,पैर में चेहनी छूने के बाद ज्यादा दुख है।,False
घबहराट होने पर पसीन भी ज्यादा आने लगता है कवी-कवी ठीक से बात भी नहीं कर पाता,घबराहट होने पर पसीना भी ज्यादा आने लगता है कभी-कभी ठीक से बात भी नहीं कर पाता,घबराहट होने पर पसीना भी कम आना लगता है,False
थोड़ी देर तक धीसी गर्दन रखूँ तो थका-सी लगने लगती है।,थोड़ी देर तक सीधी गर्दन रखूँ तो थकान-सी लगने लगती है।,थोड़ा देर तक गर्दन रखूँ और थकान लगने लगती है।,False
सिर घुमन पर कट वाली जगह खिंती और दर्द करती है।,सिर घुमाने पर कट वाली जगह खिंचती और दर्द करती है।,सिर घुटना पर कट वाली जगह खिंचाव और दर्द करती है।,False
फोड़ वली जगह गर्म और कड़ महसूस होती है।,फोड़े वाली जगह गर्म और कड़ी महसूस होती है।,फोड़ी में गर्मी और कड़न महसूस होती है।,False
कट वाली जगह से शुरू में बहुत खन निकला।,कट वाली जगह से शुरू में बहुत खून निकला।,कट वाली जगह से शुरू होता है।,False
घबराहट में थहा-पैर ठंडे पड़ जाते हैं।,घबराहट में हाथ-पैर ठंडे पड़ जाते हैं।,घबराहट में थकान ठंड लग जाते हैं।,False
कभी-कभी रेपशन वाली जगह पर हल्का-सा दर्द या खिंचाव महसूस होता है।,कभी-कभी ऑपरेशन वाली जगह पर हल्का-सा दर्द या खिंचाव महसूस होता है।,कभी-कभी रेप्शन वाली जगह पर हल्का दर्द होता है।,False
पट् हटाने पर घाव सूखा हुआ लेकिन नासूक लगता है।,पट्टी हटाने पर घाव सूखा हुआ लेकिन नाज़ुक लगता है।,पेशाब हटाने पर घाव सूजन लगता है।,False
थकान होने पर गर्दन और भी ज्यादा लीढी-सी महसूस होती है।,थकान होने पर गर्दन और भी ज्यादा ढीली-सी महसूस होती है।,ठंड होने पर गर्दन और भी ज्यादा लीढ़ी महसूस होती है।,False
पानी या पसना लगने पर कट में जलद बढ़ जाती है।,पानी या पसीना लगने पर कट में जलन बढ़ जाती है।,पानी में जलन बढ़ जाती है।,False
सूजद वाली जगह छूने पर दर्द होता है।,सूजन वाली जगह छूने पर दर्द होता है।,सूजन वाली जगह छूने पर दर्द होता है।,True
कुछ दिन से सूजन का आकार कम-ज्यादा होता दिख रहा है।,कुछ दिन से सूजन का आकार कम-ज्यादा होता दिख रहा है।,कुछ दिन से सूजन का आकार कम हो जाता है।,False
कट पुराना होने के बावजूद पूरी तरह भरा हुआ नहीं दिखता।,कट पुराना होने के बावजूद पूरी तरह भरा हुआ नहीं दिखता।,कट पुराना होने के बाद पूरी तरह भरा होता है।,False
सूजन के साथ ल्काह-सा गहटर्मा भी महसूस होती है।,सूजन के साथ हल्का-सा गर्माहट भी महसूस होती है।,सूजन के साथ एलर्जी भी महसूस होती है।,False
फोड़े के आसपास की त्वशा लाल और सूजी हुई है।,फोड़े के आसपास की त्वचा लाल और सूजी हुई है।,फोड़े के आसपास की त्वचा लाल और सूजन होती है।,False
मैं बार-बार मलीत महसूस करदा रौंह्ना।,मैं बार-बार मतली महसूस करदा रौंह्ना।,मेरे बार-बार मल में महसूस होता है।,False
कट के आसपास की त्वचा लाल और संदवेनशील हो गई है।,कट के आसपास की त्वचा लाल और संवेदनशील हो गई है।,कट के आसपास की त्वचा लाल और संक्रमण शुरू हो गई है।,False
कपड़ा लगाने के बाद भी गर्दन से खून शाड़ा- शाड़ा आता रहता है।,कपड़ा लगाने के बाद भी गर्दन से खून थोड़ा-थोड़ा आता रहता है।,कलाई लगाने के बाद भी गर्दन से खून शारी आता है।,False
एक तरफ की दूसरी गर्दन तरफ से थोड़ी ज्यादा फूवी हुई दिखती है।,एक तरफ की गर्दन दूसरी तरफ से थोड़ी ज्यादा फूली हुई दिखती है।,कोहनी की गर्दन में थोड़ा ज्यादा फूला हुई दिक्कत होती है।,False
कभी-कभी सिर्फ पान पीने के बाद भी उल्टी जैसा लगता है।,कभी-कभी सिर्फ पानी पीने के बाद भी उल्टी जैसा लगता है।,कभी-कभी पानी पीने के बाद भी उल्टी जैसी लगता है।,False
कुछ दिन से सूशा का आका कम-ज्यादा होता दिख रहा है।,कुछ दिन से सूजन का आकार कम-ज्यादा होता दिख रहा है।,कुछ दिन से सूजन का आना कम हो जाता है।,False
किसी चीज़ से टकने पर नाखून में तेज़ दर्द होता है।,किसी चीज़ से टकराने पर नाखून में तेज़ दर्द होता है।,खाना खाने पर नाखून में दर्द होता है।,False
रात में लेटने पर भी नान वाला दर्द परेशान करता है।,रात में लेटने पर भी नाखून वाला दर्द परेशान करता है।,रात में लेटने पर भी दर्द परेशान करता है।,False
लीमत के साथ पेट में भी हल्का दर्द रहता है।,मतली के साथ पेट में भी हल्का दर्द रहता है।,गर्मी के साथ पेट में हल्का दर्द रहता है।,False
नाखून के नीशा से धड़कन जैसा दर्द महसूस होता है।,नाखून के नीचे से धड़कन जैसा दर्द महसूस होता है।,नाखून के नींद से धड़कन जैसी दर्द महसूस होता है।,False
नाखून बढ़ने पर उनका कारआ ठीक नहीं दिखता।,नाखून बढ़ने पर उनका आकार ठीक नहीं दिखता।,नाखून बढ़ने पर त्वचा ठीक नहीं दिखता है।,False
लंबे समय तकगर्दन को सहारा बैठने के बाद देने का मन होता है।,लंबे समय तक बैठने के बाद गर्दन को सहारा देने का मन होता है।,लंबे समय तकलीफ को सहारा बैठने के बाद देने का मन होता है।,False
"नाखून सस्त और बेनजा से लगते हैं, पहले जैसे चमकदार नहीं हैं।","नाखून सुस्त और बेजान से लगते हैं, पहले जैसे चमकदार नहीं हैं।",नाखून सस्त और बेचैनी से लगते हैं।,False
नाखून बहुत पलेत होकर बढ़ते हैं और जल्दी टूट जाते हैं।,नाखून बहुत पतले होकर बढ़ते हैं और जल्दी टूट जाते हैं।,नाखून बहुत पलट जाते हैं और जलन हो जाते हैं।,False
कुछ नाखूनों का निचल स्सा हि भूरा-सा दिखाई देता है।,कुछ नाखूनों का निचला हिस्सा भूरा-सा दिखाई देता है।,कुछ नाखूनों का निचैनी महसूस होता है।,False
पहले भी मुझे मानस तवना की समस्या रह चुकी है।,पहले भी मुझे मानसिक तनाव की समस्या रह चुकी है।,सुबह उठते ही मुझे मानसिक त्वचा की समस्या रहती है।,False
शाड़ी में बने पर तुरंत उल्टी जैसा महसूस होता है।,गाड़ी में बैठने पर तुरंत उल्टी जैसा महसूस होता है।,खाना खाने पर तुरंत उल्टी जैसी महसूस होता है।,False
मानस स्थ्यस्वा के लिए पहले इजला भी करवाया था।,मानसिक स्वास्थ्य के लिए पहले इलाज भी करवाया था।,मांसपेशी के बाद पहले इजला भी करता है।,False
एक-दो नाख का रंग बाकी उंगलयों से अलग दिखाई देता है।,एक-दो नाखूनों का रंग बाकी उंगलियों से अलग दिखाई देता है।,सुबह उठते नाख का रंग बाकी उँगली से अलग दिक्कत होता है।,False
कवी‑कवी पहले जैसा डिशनप्रे महसूस करता हूं।,कभी‑कभी पहले जैसा डिप्रेशन महसूस करता हूं।,कलाई में जैसी डिप्रेशन महसूस होता है।,False
कभी-कभी नाखून बीच से टढ़-मढ़ होकर बढ़ते हैं।,कभी-कभी नाखून बीच से टेढ़े-मेढ़े होकर बढ़ते हैं।,कभी-कभी नाखून में टखना बढ़ जाता है।,False
पुराने नाक दर्द अनुभव अभी भी दिगमा पर असर डालते हैं।,पुराने दर्दनाक अनुभव अभी भी दिमाग पर असर डालते हैं।,पुराने पर दर्द और दिमाग पर असर डालते हैं।,False
परिवार में भी माकनसि स्वास्थ की समस्या रही है।,परिवार में भी मानसिक स्वास्थ्य की समस्या रही है।,परिवार में मांसपेशी की समस्या रही है।,False
लंबे समय से नाखूनों की थग्रो पहले जैसी नहीं लग रही।,लंबे समय से नाखूनों की ग्रोथ पहले जैसी नहीं लग रही।,लंबे समय से नाखूनों की थकान जैसी नहीं लगती है।,False
कभी-कभी महसूस करती हूं बहुत खुश तो कभी-कभी बहुत उदास हो जाती हूं,कभी-कभी बहुत खुश महसूस करती हूं तो कभी-कभी बहुत उदास हो जाती हूं,कभी-कभी महसूस करती हूँ बहुत खुश हो जाती है।,False
जूता या प्ल पहनने पर नाखून में खिंचा और दर्द होता है।,जूता या चप्पल पहनने पर नाखून में खिंचाव और दर्द होता है।,जूता में खिंचाव और दर्द होता है।,False
मैं भरदिन बहुत कम पानी पाती हूँ।,मैं दिनभर बहुत कम पानी पाती हूँ।,मेरे भरने में बहुत कम पानी पाती है।,False
कभी‑कभी ऐसा लगता है कि भाएँवना काबू में नहीं हैं।,कभी‑कभी ऐसा लगता है कि भावनाएँ काबू में नहीं हैं।,कभी में ऐंठन काफी लगता है।,False
मुँह सखत रहता है लेकिन फिर भी पानी कम पीती हूँ।,मुँह सूखता रहता है लेकिन फिर भी पानी कम पीती हूँ।,मुँह सखत रहता है।,False
"मूड नहीं रहता, बार‑बार बदल जाता है।","मूड स्थिर नहीं रहता, बार‑बार बदल जाता है।",मुझे बार-बार बदल जाता है।,False
मैं अभी कुछ दवाइयाँ/ड्ग् ले रही हूँ जिनका असर महसूस हो रहा है।,मैं अभी कुछ दवाइयाँ/ड्रग्स ले रहा/रही हूँ जिनका असर महसूस हो रहा है।,मेरे अभी कुछ दवा लेने के बाद असर महसूस होता है।,False
कुछ ग्सड्र की जह से नींद ज़्यादा आती है और काम पर असर पड़ता है।,कुछ ड्रग्स की वजह से नींद ज़्यादा आती है और काम पर असर पड़ता है।,कुछ गैस की जह से नींद ज़्यादा आती है और काम पर असर पड़ता है।,False
ड्रग्स/दवाइयों की जह से मूड भी बदता हुआ महसूस होता है।,ड्रग्स/दवाइयों की वजह से मूड भी बदलता हुआ महसूस होता है।,गर्मी की जकड़न से मूड भी बदलता है।,False
कभी‑कभी दवा से पट में बड़ीगड़ हो जाती है।,कभी‑कभी दवा से पेट में गड़बड़ी हो जाती है।,कभी उठते ही दवा से पट में बढ़ जाती है।,False
दवा के साइड इक्टफे के बारे में चिंता रहती है।,दवा के साइड इफेक्ट के बारे में चिंता रहती है।,दवा के साइड इक्टैक्चर के कारण चिंता रहती है।,False
नाख का रंग बलने से देखकर भी अजीब लगता है।,नाखूनों का रंग बदलने से देखकर भी अजीब लगता है।,नाख का रंग बलने से देखकर भी अजीब लगता है।,False
कभी‑कभी डज़ लेना भूल जाती हूँ।,कभी‑कभी डोज़ लेना भूल जाती हूँ।,कभी डकार लेना महसूस होती है।,False
दवा लेने के बाद शरीर रीभा‑रीभा लगने लगता है।,दवा लेने के बाद शरीर भारी‑भारी लगने लगता है।,दवा लेने के बाद शरीर रीढ़ लगने लगता है।,False
दवाइयाँ बंद कर दूँ तो लक्ण फिर से बढ़ने लगते हैं।,दवाइयाँ बंद कर दूँ तो लक्षण फिर से बढ़ने लगते हैं।,दवा लेने के बाद लैक्चर फिशर से बढ़ जाता है।,False
र्मीग में भी सही मत्रा में पानी नहीं पी पाती।,गर्मी में भी सही मात्रा में पानी नहीं पी पाती।,सुबह में सही मसूड़ में पानी नहीं पीती है।,False
दवा या ड्रग लेने के बाद बहुत सुबे आने लगती है।,दवा या ड्रग लेने के बाद बहुत सुस्ती आने लगती है।,दवा लेने के बाद बहुत सुन्नपन आने लगती है।,False
कभी‑कभी दवा से चक्कर और कमजोरी महसूस होती है।,कभी‑कभी दवा से चक्कर और कमजोरी महसूस होती है।,कभी उठते ही दवा से चक्कर और कमजोरी महसूस होती है।,False
मुझे किसी भी चज़ की गंते महसूस नहीं हो रही है।,मुझे किसी भी चीज़ की गंध महसूस नहीं हो रही है।,मुझे किसी भी चुभन की समस्या महसूस हो रही है।,False
परमफ्यू या अगत्ती की खुशबू भी पता नहीं चलती।,परफ्यूम या अगरबत्ती की खुशबू भी पता नहीं चलती।,पेट में खुजली भी पता है।,False
दर्द वाली जगह को छन पर तकलीफ और बढ़ जाती है।,दर्द वाली जगह को छूने पर तकलीफ और बढ़ जाती है।,दर्द वाली जगह को छूने पर तकलीफ और बढ़ जाती है।,True
सिर की त्वचा में बहुत खली हो रही है।,सिर की त्वचा में बहुत खुजली हो रही है।,सिर की त्वचा में बहुत खून हो रही है।,False
कुछ दवाओं के बाद नध्या और यादाश्तद पर भी असर पड़ रहा है।,कुछ दवाओं के बाद ध्यान और याददाश्त पर भी असर पड़ रहा है।,कुछ दवाओं के बाद नध्यान और यादाश्त पर भी असर पड़ता है।,False
मूड ग्सस्विं की वजह से काम और रिश्तों पर भी असर पड़ रहा है।,मूड स्विंग्स की वजह से काम और रिश्तों पर भी असर पड़ रहा है।,मुझे गैस की वजह से जुकाम और रिश्तों पर भी असर पड़ता है।,False
पहले जै सुधगं पहचानने की क्षमता नहीं रही।,पहले जैसी सुगंध पहचानने की क्षमता नहीं रही।,सुबह उठने की क्षमता नहीं रही।,False
"आँखें रगडने से थोड़ी राहत मिलती है, लेकिन फिर वही समस् शुरू हो जाती है।","आँखें रगड़ने से थोड़ी राहत मिलती है, लेकिन फिर वही समस्या शुरू हो जाती है।",आँखों से थोड़ा समस्या शुरू हो जाती है।,False
परमफ्यू या अत्तीगरब की खुबू भी पता नहीं चलती।,परफ्यूम या अगरबत्ती की खुशबू भी पता नहीं चलती।,परमफ्यू में अत्यधिक खुजली भी पता है।,False
ड्रडैंफ की वजह से जग‑जग खुजली हो रही है।,डैंड्रफ की वजह से जगह‑जगह खुजली हो रही है।,गर्मी की वजह से जकड़न खुजली हो रही है।,False
सिर में हल्क जल के साथ खुजली होती है।,सिर में हल्की जलन के साथ खुजली होती है।,सिर में हल्क जल के साथ खुजली होती है।,False
"तेल लगाने पर थोड़ देर के लिए आम मिलता है, फिर खुजली वापस शुरू हो जाती है।","तेल लगाने पर थोड़ी देर के लिए आराम मिलता है, फिर खुजली वापस शुरू हो जाती है।",तेज़ लगाने पर थकान के कारण खुजली शुरू हो जाती है।,False
खुली की वजह से बाल ज्यादा ड़ने लगे हैं।,खुजली की वजह से बाल ज्यादा झड़ने लगे हैं।,खाली की वजह से बाल कम हो जाता है।,False
पीयडरि आने से पहले और बाद में भी शरीर में अजीब‑सा महसूस होता है।,पीरियड आने से पहले और बाद में भी शरीर में अजीब‑सा महसूस होता है।,पेशाब आने से बाद भी शरीर में अजीब महसूस होता है।,False
अनियमत होने के सा‑सा दर्द और थकान भी ज्यादा रहती है।,अनियमित होने के साथ‑साथ दर्द और थकान भी ज्यादा रहती है।,अनियमित होने के बाद दर्द और थकान भी कम रहती है।,False
धड़कन की बड़ीगड़ के साथ हल्का चक्कते भी महसूस होता है।,धड़कन की गड़बड़ी के साथ हल्का चक्कर भी महसूस होता है।,धड़कन की बड़ी गैस के साथ हल्का चुभन भी महसूस होता है।,False
आराम की ति स्थि में भी दि की धड़कन स्थिर नहीं रहती।,आराम की स्थिति में भी दिल की धड़कन स्थिर नहीं रहती।,आँख की त्वचा में भी धड़कन स्थिर रहती है।,False
"दिल की कनधड़ कभी तेज़, कभी धीमी हो जाती है।","दिल की धड़कन कभी तेज़, कभी धीमी हो जाती है।",दिल की त्वचा कभी तेज़ हो जाती है।,False
खजाने पर त्वचा पर ला‑ला निशान पड़ जाते हैं।,खुजाने पर त्वचा पर लाल‑लाल निशान पड़ जाते हैं।,खजाने पर त्वचा पर लाभ आ जाते हैं।,False
छोट‑सी मेनत में भी दिल की कनधड़ असामान्य लगती है।,छोटी‑सी मेहनत में भी दिल की धड़कन असामान्य लगती है।,खाना खाने में दिल की धड़कन अत्यधिक लगती है।,False
रात में देर तक नद नहीं आती है।,रात में देर तक नींद नहीं आती है।,रात में देर तक न आती है।,False
"दिगमा में विचार चलते रहते हैं, इसलिए दनीं नहीं आती।","दिमाग में विचार चलते रहते हैं, इसलिए नींद नहीं आती।",दिमाग में विचार चलते हैं।,False
चोट की वजह से उस हस्से को ठीक से हला नहीं पा रही हूँ।,चोट की वजह से उस हिस्से को ठीक से हिला नहीं पा रही हूँ।,चोट की वजह से उस हड्डी को ठीक से हला नहीं पाती है।,False
चलने‑फरने या हलने पर दर्द और बज जाता है।,चलने‑फिरने या हिलने पर दर्द और बढ़ जाता है।,चलने के बाद दर्द और बढ़ जाता है।,False
पूरी रात कवटेंर बदते‑बदते निकल जाती है।,पूरी रात करवटें बदलते‑बदलते निकल जाती है।,सुबह उठते ही कलाई में दर्द रहती है।,False
नींद की कमी की वजह से दिनभर थनका और चिड़ड़ाचिपन रहता है।,नींद की कमी की वजह से दिनभर थकान और चिड़चिड़ापन रहता है।,नींद की कमी की वजह से दिनभर थकान और चिड़चिड़ापन रहता है।,True
वघा भरने में काफ़ी समय लग रहा है।,घाव भरने में काफ़ी समय लग रहा है।,वजन भरने में काफी समय लगता है।,False
खाने खाना के बाद पेट वीरी‑वीरी महसूस होता है।,खाना खाने के बाद पेट भारी‑भारी महसूस होता है।,खाना खाने के बाद पेट वीडियोरी महसूस होता है।,False
पेट में गैर और जलदि महसूस होती है।,पेट में गैस और जलन महसूस होती है।,पेट में जलन और जलन महसूस होती है।,False
नींर बार‑बार बीच में खुदि जाती है।,नींद बार‑बार बीच में खुल जाती है।,नींद बार-बार बीच में खुजली जाती है।,False
चोट की वजह से उस हिस्स को ठीक से हल नहीं पा रही हूँ।,चोट की वजह से उस हिस्से को ठीक से हिला नहीं पा रही हूँ।,चोट की वजह से उस हिस्स को ठीक से हल नहीं पाती है।,False
"भूक तो लग है, लेकिन खाना ठीक से पचसूस नहीं है।","भूख तो लगती है, लेकिन खाना ठीक से पचता नहीं है।",भूख तो लगता है और खाना ठीक से पचता है।,False
वघा भने में कफ़ समय लग रहा है।,घाव भरने में काफ़ी समय लग रहा है।,वजन में कफ समय लगता है।,False
थोजह‑सा खा पर ही पेट फूद जाता है।,थोड़ा‑सा खाने पर ही पेट फूल जाता है।,ठंड में खाना खाने पर पेट फूल जाता है।,False
चोह वाली जगह पर बहुत तेज़ दर्द हो रहा है।,चोट वाली जगह पर बहुत तेज़ दर्द हो रहा है।,चोट की जगह पर बहुत दर्द हो रही है।,False
कनधड़ इतनी तेह होती है कि खुद महसूस कर सकती हूँ।,धड़कन इतनी तेज़ होती है कि खुद महसूस कर सकती हूँ।,नाक में तेज़ महसूस होती है।,False
ठंड में जोड और मांशिसपेयों में जकड़न महसूस होती है।,ठंड में जोड़ों और मांसपेशियों में जकड़न महसूस होती है।,ठंड में जोड़ और मांसपेशियों में जकड़न महसूस होती है।,False
ज़रा‑सी ठंड में भी रीरश कांनेप लगता है।,ज़रा‑सी ठंड में भी शरीर कांपने लगता है।,ज़्यादा ठंड में भी रीढ़ शुरू होता है।,False
घहटबरा होने पर दिल और ज़ते धड़कने लगता है।,घबराहट होने पर दिल और तेज़ धड़कने लगता है।,घबराहट होने पर दिल और ज़्यादा धड़कने लगता है।,False
मआरा करते समय भी धनड़क सामान्य नहीं रहती।,आराम करते समय भी धड़कन सामान्य नहीं रहती।,मसूड़ करते समय भी धड़कन सांस नहीं रहती है।,False
ठंडे पानी से छूते ही रनसिह होने लगती है।,ठंडे पानी से छूते ही सिहरन होने लगती है।,ठंड पानी से छूते ही रनश होने लगती है।,False
ड़ाथो चलने पर ही नधड़क बढ़ जाती है।,थोड़ा चलने पर ही धड़कन बढ़ जाती है।,ड़ाथो चलने पर ही नखून बढ़ जाती है।,False
ल्काह काम करने पर भी लदि तेजी से चलने लगता है।,हल्का काम करने पर भी दिल तेजी से चलने लगता है।,सुबह उठने पर भी तेज़ तेज़ से चलने लगता है।,False
थोड़ी देर में पेट में फिर से गुड़ाहड़गुट होने लगती है।,थोड़ी देर में पेट में फिर से गुड़गुड़ाहट होने लगती है।,थोड़ी देर में पेट में फिशर से गुड़ाहट होने लगती है।,False
पेट में लगातार घहटबरा और चैनीबे‑सी रहती है।,पेट में लगातार घबराहट और बेचैनी‑सी रहती है।,पेट में लगातार घाव और चोट बढ़ जाती है।,False
मेरी आवाज़ कई दिनों से बठी हुई है।,मेरी आवाज़ कई दिनों से बैठी हुई है।,मेरी आवाज़ कई दिनों से बढ़ जाती है।,False
हल्की ठंड लगने पर भी कना बहने और दर्दसिर की समस्या शुरू हो जाती है।,हल्की ठंड लगने पर भी नाक बहने और सिरदर्द की समस्या शुरू हो जाती है।,हल्का ठंड लगने पर भी दर्द रहती है।,False
लाग भारी‑भारी लगता है और ज़आवा साफ़ नहीं निकलती।,गला भारी‑भारी लगता है और आवाज़ साफ़ नहीं निकलती।,व्यायाम करने पर ज़्यादा सांस नहीं निकलती है।,False
नेसी में जोर‑जोर से कसी‑कध महसूस होती है।,सीने में जोर‑जोर से धक‑धक महसूस होती है।,नेसी में जोड़ से कमजोरी महसूस होती है।,False
खाना खाने के बाद लेटने पर समस्या और बढ़ जाती है।,खाना खाने के बाद लेटने पर समस्या और बढ़ जाती है।,खाना खाने के बाद लेटने पर समस्या और बढ़ जाती है।,True
लंबी चीतबात करने पर ज़आवा टूट जाती है।,लंबी बातचीत करने पर आवाज़ टूट जाती है।,लंबी चीत करने पर ज़्यादा टूट जाती है।,False
हवा लगते ही हाथ‑पैर ठड और सुत‑से हो जाते हैं।,हवा लगते ही हाथ‑पैर ठंडे और सुन्न‑से हो जाते हैं।,हवा लगते ही हाथ में ठंड और सुन्नपन हो जाते हैं।,False
कना मोड़ने या छूने पर टक खिंचता है।,नाक मोड़ने या छूने पर कट खिंचता है।,कलाई में छूने पर टक खिंचता है।,False
कट वाली जगह छूने पर बहुत र्द द होता है।,कट वाली जगह छूने पर बहुत दर्द होता है।,कट वाली जगह छूने पर बहुत दर्द होता है।,True
ल्काह काम करने पर भी लदि तेजी से चलने लगता है।,हल्का काम करने पर भी दिल तेजी से चलने लगता है।,सुबह उठने पर भी तेज़ तेज़ से चलने लगता है।,False
बलम जमा हुआ है और कलनि नहीं रहा।,बलगम जमा हुआ है और निकल नहीं रहा।,बलगम जमा हुआ है और कलनी नहीं रहता है।,False
लाग साफ़ करने की शिशको करने पर भी आवाज़ ठीक नहीं होती।,गला साफ़ करने की कोशिश करने पर भी आवाज़ ठीक नहीं होती।,व्यायाम करने पर भी आवाज़ ठीक नहीं होती है।,False
कट रागह लग रहा है और भने में समय लग रहा है।,कट गहरा लग रहा है और भरने में समय लग रहा है।,कट में समय लगता है।,False
आम करते समय भी कनधड़ सामान्य नहीं रहती।,आराम करते समय भी धड़कन सामान्य नहीं रहती।,खाना करते समय भी नकसीर सामान्य नहीं रहती है।,False
नक के बाहरी स्सेहि में भी जल फैल रही है।,नाक के बाहरी हिस्से में भी जलन फैल रही है।,पैरों के आसपास भी जलन फूल रही है।,False
फड़ा धीर-धीर बड़ा होता जा रहा है।,फोड़ा धीरे-धीरे बड़ा होता जा रहा है।,फड़ा धीर-धीर बढ़ जाता है।,False
कनेछीं पर फोड़ और ज्यादा दर्द देता है।,छींकने पर फोड़ा और ज्यादा दर्द देता है।,कलाई में फोड़ और ज्यादा दर्द होता है।,False
नक के अंदर फोड़ हो गया है और नेछू पर बहुत र्दद होता है।,नाक के अंदर फोड़ा हो गया है और छूने पर बहुत दर्द होता है।,पैर के अंदर फोड़ हो गया है और नाखून पर बहुत र्दद होता है।,False
हल्का सा नेझुक पर भी खन टनेपक लगता है।,हल्का सा झुकने पर भी खून टपकने लगता है।,हल्का सांस में खनन लगता है।,False
ड़ेफो वाली जगह गर् और लाल हो गई है।,फोड़े वाली जगह गर्म और लाल हो गई है।,डॉक्टर ने कहा गर्मी और लाल हो गई है।,False
नक के अंदर वघा जैसा लग रहा है जिससे खन आता है।,नाक के अंदर घाव जैसा लग रहा है जिससे खून आता है।,बैठने के बाद वजन जैसी लगता है।,False
पान लगते ही कट में घ लनघा शुरू हो जाती है।,पानी लगते ही कट में जलन शुरू हो जाती है।,पान लगते ही कट में घाव शुरू हो जाती है।,False
फोड़ा भर रहा है और हल्का-सा दबाने पर मवाद निकलता है।,फोड़ा भर रहा है और हल्का-सा दबाने पर मवाद निकलता है।,फोड़ा भर रही है और हल्का-सा दबाने पर मवाद निकलता है।,False
कना पूरी तरह बंद है और सस लेने में क्कतदि हो रही है।,नाक पूरी तरह बंद है और सांस लेने में दिक्कत हो रही है।,कना पूरी तरह बंद है और सस लेने में दिक्कत हो रही है।,False
कती की जह से नाक थोड़ी संनशीवेदल हो गई है।,कट की वजह से नाक थोड़ी संवेदनशील हो गई है।,कती की जह से नाक थोड़ा संक्रमण हो गई है।,False
खाना खाते हुए गसा में दर्द होती है और थोड़ी देर बाद कना से खनता आता है,खाना खाते हुए गले में दर्द होती है और थोड़ी देर बाद नाक से खून आता है,खाना खाते ही गैस में दर्द होती है और थोड़ी देर बाद कना से दर्द होता है।,False
ख्मज आने के बाद भी उसी जह पर फिर से नजल होने लगती है,जख्म आने के बाद भी उसी जगह पर फिर से जलन होने लगती है,खाना आने के बाद भी उसी जह पर फिशर से नज़ होने लगती है।,False
कभी-कभी चलते-चलते ऐसा लगता है कि लीर ऊंगीजा और चरक्क सा लगता है,कभी-कभी चलते-चलते ऐसा लगता है कि गिर जाऊंगी और चक्कर सा लगता है,कभी-कभी चलते-चलते ऐसा लगता है।,False
सुबह उठते ही उभम मन होता है और हरदोप तक कुछ भी खा नहीं पाती,सुबह उठते ही उल्टी का मन होता है और दोपहर तक कुछ भी खा नहीं पाती,सुबह उठते ही उभन होता है और हर दिन तक कुछ भी खाना खाना होता है।,False
बरसात के मौसम में मेरे बहुत लबा झली रहे हैं,बरसात के मौसम में मेरे बहुत बाल झड़ रहे हैं,सुबह के बाद मेरे बहुत लबा झली रहे हैं।,False
बाल नेझड़ के साथ-साथ मेरे सर में खली होने लगती है,बाल झड़ने के साथ-साथ मेरे सर में खुजली होने लगती है,बाल नेझड़ के साथ मेरे सिर में खून होने लगती है।,False
आतशुरु में शाबपे निकलते ही ज ते शुभम होती है,शुरुआत में पेशाब निकलते ही तेज शुभम होती है,परिवार में शाबपे निकलते ही जकड़न होती है।,False
सर पर ठंडी ट्टीप रखने के बाद ड़ाथो आराम मिलता है,सर पर ठंडी पट्टी रखने के बाद थोड़ा आराम मिलता है,सिर पर ठंड टूटने के बाद ड़ाथो आता है।,False
कभी-कभी पूरा दिन कलनि जाता है और प्सक्क नहीं लगती,कभी-कभी पूरा दिन निकल जाता है और प्यास नहीं लगती,कभी-कभी पूरा दिन कलनी जाता है और चक्कर नहीं लगती है।,False
खाना खाने के तुरंत बाद ही झेट में गैसल हो जाती है,खाना खाने के तुरंत बाद ही पेट में गैस हो जाती है,खाना खाने के बाद झनझनाहट में गैशर हो जाती है।,False
कभी-कभी गैस इतनी बढ़ जाती है कि सांस लेने में भी क्कतदि होती है,कभी-कभी गैस इतनी बढ़ जाती है कि सांस लेने में भी दिक्कत होती है,कभी-कभी गैस बढ़ जाती है।,False
जल हुए निशान पर एक मक्री लगाने के बाद थोड़ा आम मिला था,जले हुए निशान पर एक क्रीम लगाने के बाद थोड़ा आराम मिला था,जलन हुए निशान पर एक मसूड़ लगाने के बाद थोड़ा आम मिला था।,False
ठंड के मौम में तो मुझे बिल्कुल भी सप्या नहीं लगती है,ठंड के मौसम में तो मुझे बिल्कुल भी प्यास नहीं लगती है,ठंड के बाद मुझे बिल्कुल भी सपना नहीं लगती है।,False
पिछले साल भी र्मीग के मौसम में तीप में मुझे ऐसे ही चक् आते थे,पिछले साल भी गर्मी के मौसम में धूप में मुझे ऐसे ही चक्कर आते थे,पिछले साल भी तेज़ चक्कर आते हैं।,False
गर्मी के सममौ में बिना सनस्क् लगे बाहर निकलना मुश्किल हो जाता है,गर्मी के मौसम में बिना सनस्क्रीन लगे बाहर निकलना मुश्किल हो जाता है,गर्मी के समय में सनस्क्ले लगे बाहर निकलना मुश्किल हो जाता है।,False
हर साल ठंड के मौसम में मुझे सर्द हो जाती है और सर फता है,हर साल ठंड के मौसम में मुझे सर्दी हो जाती है और सर फटता है,हर साल ठंड के बाद मुझे सर्द हो जाती है और सिर फूलना हो जाती है।,False
कभी-कभी तरा के 3:00 बज जाते हैं और मुझे दनीं नहीं आती,कभी-कभी रात के 3:00 बज जाते हैं और मुझे नींद नहीं आती,कभी-कभी रात के बाद कट आती है और मुझे कट नहीं आती है।,False
रात को सते समय मेरे मागदि में अननत ख्याल चलते रहते हैं,रात को सोते समय मेरे दिमाग में अनगिनत ख्याल चलते रहते हैं,रात को सते समय मेरे मांसपेशी में अत्यधिक ख्याल चलते हैं।,False
कभी-कभी बिना जह ही मुझे भीस्सा आ जाता है,कभी-कभी बिना वजह ही मुझे गुस्सा आ जाता है,कभी-कभी बिना जकड़न ही मुझे भी बढ़ जाता है।,False
पीरड्स के दौरान मुझे बहुत दर् होती है,पीरियड्स के दौरान मुझे बहुत दर्द होती है,पीरियड्स के दौरान मुझे बहुत दर्द होती है।,False
फोड़ वाली जगह अभी भी संवनशील है,फोड़े वाली जगह अभी भी संवेदनशील है,फोड़ की जगह अभी भी संक्रमण है।,False
लगातार खांने के बाद मेरे गल में बहुत दर्द होता है,लगातार खांसने के बाद मेरे गले में बहुत दर्द होता है,लगातार खाना खाने के बाद मेरे गल में बहुत दर्द होता है।,False
अचानक लदि की धकन कभी-कभी बहुत तेज हो जाती है,अचानक दिल की धड़कन कभी-कभी बहुत तेज हो जाती है,अचानक एलर्जी की धड़कन बहुत तेज़ हो जाती है।,False
जो काम होने के साथ-साथ मेरी नेक बिलाल हो जाती है,जुकाम होने के साथ-साथ मेरी नाक बंद हो जाती है,जोड़ होने के साथ मेरी त्वचा बिल्कुल हो जाती है।,False
पिछले हफ्ते में सीओ से गिर गई और भी भी उसी जह पर दर्द होता है,पिछले हफ्ते में सीडीओ से गिर गई और अभी भी उसी जगह पर दर्द होता है,पिछले हफ्ते में सीओ से गिर गई और भी भी दर्द होता है।,False
बार-बार चात्व खरोचने के बाद जन महसूस होती है,बार-बार त्वचा खरोचने के बाद जलन महसूस होती है,मुझे चाकार खून खून लगने के बाद जन महसूस होती है।,False
पूरा एक हफ्ता हो गया पर मुझे बुर में कोई धार नहीं दिखा,पूरा एक हफ्ता हो गया पर मुझे बुखार में कोई सुधार नहीं दिखा,मुझे बुखार में कोई कारण नहीं दिखा है।,False
मेरे सरे में बहुत ज्यादा डड्रफ हो गया है,मेरे सर में बहुत ज्यादा डैंड्रफ हो गया है,मेरे सरे में बहुत ज्यादा डाइट हो गया है।,False
ठंड के मौसम में गर् पानी से सर धने के बाद लबा झड़ते हैं,ठंड के मौसम में गर्म पानी से सर धोने के बाद बाल झड़ते हैं,ठंड के बाद गर्मी से सर धड़कने के बाद लबा झड़ते हैं।,False
अभी पिछले महीने ही मैं चक् खाकर जमीन पर गिर पड़ी और नाक से नान बहने लगा,अभी पिछले महीने ही मैं चक्कर खाकर जमीन पर गिर पड़ी और नाक से खून बहने लगा,अभी पिछले महीने ही चक्कर खाना खाने लगती है।,False
पधू में कहीं देर खड़े होने के बाद चक्र आते हैं,धूप में कहीं देर खड़े होने के बाद चक्कर आते हैं,पेशाब में कहीं देर खड़े होने के बाद चक्र आते हैं।,False
पिछले हफ्ते मैं थराड का ट्स टेस्ट कराया था पर कुछ नहींआया,पिछले हफ्ते मैं थायराइड का टेस्ट कराया था पर कुछ नहींआया,पिछले हफ्ते में थरॉल का टॉल करने पर कुछ नहीं आता है।,False
मेरे जोड़ो और मांशियोंसपे में अचानक ठन होने लगती है,मेरे जोड़ो और मांसपेशियों में अचानक ऐंठन होने लगती है,मेरे जोड़ और मांसपेशियों में अचानक ठंड होने लगती है।,False
थोड़ा सा काम करने के बाद भी घनों में दर्द होता है,थोड़ा सा काम करने के बाद भी घुटनों में दर्द होता है,थोड़ा सांस करने के बाद भी घाव में दर्द होता है।,False
एक ही जगह पर बने के बाद नाउठा मुश्किल हो जाता है,एक ही जगह पर बैठने के बाद उठाना मुश्किल हो जाता है,कोहनी पर बढ़ने के बाद नाखून मुश्किल हो जाता है।,False
बहसु ही मेरी पठ में दर्द हो जाती है,सुबह उठते ही मेरी पीठ में दर्द हो जाती है,खाना खाने के बाद दर्द हो जाती है।,False
सुबह के बाद मैं पूरा दिन कुछ उल् का मन होता नहीं खा पाती है,सुबह नाश्ते के बाद मैं पूरा दिन कुछ नहीं खा पाती उल्टी का मन होता है,सुबह के बाद मेरे दिन कुछ उल्कुल नहीं होता है।,False
ठंड में पै की हड्डियां अड़ जाती हैं और नेचल में दिक्कत होती है,ठंड में पैरों की हड्डियां अकड़ जाती हैं और चलने में दिक्कत होती है,ठंड में पैर की हड्डी अकड़न होती है और नेचर में दिक्कत होती है।,False
मेरी एड़ियों के स एक फोड़ा निकला है,मेरी एड़ियों के पास एक फोड़ा निकला है,मेरे एड़ी में फोड़ा निकला है।,False
थाडयराइ की वजह से कई दिनों और सृष्टि महसूस होती है,थायराइड की वजह से कई दिनों तक थकावट और सृष्टि महसूस होती है,दवा की वजह से कई दिनों और सृष्टि महसूस होती है।,False
हा पै औरथोंरों में अचानक से झुनी शुरू हो जाती है,हाथों और पैरों में अचानक से झुंझुनी शुरू हो जाती है,हाथों में अचानक से झुकनी शुरू हो जाती है।,False
पिछले दो किलो ही हफ्तों में मेरा वन 5 गया बढ़ है,पिछले दो ही हफ्तों में मेरा वजन 5 किलो बढ़ गया है,पिछले दो किलो ही हफ्ते में जलन बढ़ जाता है।,False
शाम बहुत ठंड के त तक हालत बत्तर हो जाती है,शाम के समय बहुत ठंड लगती है और रात तक हालत बत्तर हो जाती है,सुबह बहुत ठंड के बाद हाथ बढ़ जाती है।,False
मुझे ग्रेमाइन नहीं है पर फिर भी थोड़ी देर ध में ठने पर सर दर्द करता है,मुझे माइग्रेन नहीं है पर फिर भी थोड़ी देर धूप में बैठने पर सर दर्द करता है,मुझे ग्रेन नहीं है पर फिशर भी दर्द करता है।,False
कोई भी बीमारी नहीं है पर फिर भी थोड़ा सा काम करने के बाद तक जाती हूं,कोई भी बीमारी नहीं है पर फिर भी थोड़ा सा काम करने के बाद तक जाती हूं,कोई भी बीमारी नहीं है पर फिशर भी थोड़ा सांस करने के बाद भी जाती है।,False
सीयांमाइ चढ़ना और उतरने में श्किलयों होती है और घुटनों में दर्द शुरू हो जाता है,सीढ़ियां चढ़ना और उतरने में मुश्किल होती है और घुटनों में दर्द शुरू हो जाता है,पीरियड्स में दर्द शुरू हो जाता है और घुटना में दर्द शुरू हो जाता है।,False
पर एक क्रीम लगाई थी उस बाद से ही और खली शुरू होने लगी फोड़ा,फोड़े पर एक क्रीम लगाई थी उसके बाद से ही और खुजली शुरू होने लगी,पर एक क्रीम लगाई थी और खून शुरू होने लगती है।,False
कने लगने के बाद खन रुक ही नहीं रहा है,कट लगने के बाद खून रुक ही नहीं रहा है,कने लगने के बाद खन रुक जाता है।,False
बार हर मुझे एक ही जगह पर उगने लगता है,हर बार मुझे एक ही जगह पर फोड़ा उगने लगता है,मुझे एक ही जगह पर उँगली पर उँगली लगता है।,False
गर्मी के मौसम में भी मैं बहुत पानी हूं लेकिन फिर भी सप्या बुझती नहीं है,गर्मी के मौसम में भी मैं बहुत पानी पीती हूं लेकिन फिर भी प्यास बुझती नहीं है,गर्मी के बाद भी बहुत पानी रहता है।,False
थोड़ा सा लात भु नेत के बाद पेट फूने लगता है,थोड़ा सा तला भुना खाने के बाद पेट फूलने लगता है,थोड़ा सांस लेने के बाद पेट फूलाने लगता है।,False
झुते समय ठपी की एक नस खींती है और दर्द देर तक रहता है,झुकते समय पीठ की एक नस खींचती है और दर्द देर तक रहता है,झुकते समय ठंड की एक नस खींचता है और दर्द देर तक रहता है।,False
कभी-कभी बिना फिर भी पेट खाए पूरा जाता है लेकिन दिन निकल फुला रहता है,कभी-कभी बिना खाए पूरा दिन निकल जाता है लेकिन फिर भी पेट फुला रहता है,कभी-कभी बिना फिशर भी खाना खाने लगता है।,False
खली की वजह से मुझे लाल क्के त्वचा पर बन चुके हैं,खुजली की वजह से मुझे लाल चक्के त्वचा पर बन चुके हैं,खून की वजह से मुझे लालिमा पर बन चुके हैं।,False
पीड्स के रान मुझे बहुत स्सागु आता है,पीरियड्स के दौरान मुझे बहुत गुस्सा आता है,पीरियड्स के बाद मुझे बहुत स्खलन आता है।,False
पीड्सरिय के पहले दो में भी मुश्किल दिनों में उठने होती है,पीरियड्स के पहले दो दिनों में उठने में भी मुश्किल होती है,पीरियड्स के बाद भी मुश्किल दिनों में उठने होती है।,False
पीरियड्स के नदौरा एक हफ्ता कल नि जाता है लेकिन खून नहीं रुकता,पीरियड्स के दौरान एक हफ्ता निकल जाता है लेकिन खून नहीं रुकता,पीरियड्स के कारण एक हफ्ते कम हो जाता है।,False
र्फब लगाने के बाद पर कुछ आराम मिला था जली हुई त्वचा,बर्फ लगाने के बाद जली हुई त्वचा पर कुछ आराम मिला था,चक्कर लगाने के बाद कुछ आता है।,False
मुझे के बाद भी पैर ठंडे रहते हैं,मुझे पहनने के बाद भी पैर ठंडे रहते हैं,मुझे के बाद भी पैर ठंड रहते हैं।,False
चाहे मैं कितने भी कपड़े डाल लूं लेकिन ठंड बर्श्त नहीं होती,चाहे मैं कितने भी कपड़े डाल लूं लेकिन ठंड बर्दाश्त नहीं होती,गर्मी में कितने भी कपड़े डाल लेने पर ठंड बर्श्त नहीं होती है।,False
किसी चीज से टकराने के बाद पर की उंगली में चोट लग गई,किसी चीज से टकराने के बाद पर की उंगली में चोट लग गई,खाना खाने के बाद पर की उँगली में चोट लग गई है।,False
चोट के बाद जत डाने में भी परेनी हो रही है,चोट के बाद जूते डालने में भी परेशानी हो रही है,चोट के बाद जकड़न में भी परेनी हो रही है।,False
मुंह के अंदर छो-छो जली हुई त्वचा ले हो गए हैं और खाने में जलन होती है,मुंह के अंदर छोटे-छोटे छाले हो गए हैं और खाने में जलन होती है,मुझे अंदर छोटी हुई त्वचा लेने में जलन होती है और खाने में जलन होती है।,False
जीभ पर भी चले हो गए हैं और बलते सय भी दिक्कत होती है,जीभ पर भी चले हो गए हैं और बोलते समय भी दिक्कत होती है,जीभ पर भी चले हो गए हैं और बलते समय भी दिक्कत होती है।,False
कुछ भी गरम या मसदार खाना खाते हुए चुन महसूस होती है,कुछ भी गरम या मसालेदार खाना खाते हुए चुभन महसूस होती है,कुछ भी गर्दन खाना खाते समय चुभन महसूस होती है।,False
कई दिनों से पेब का रंग लाल खदि रहा है,कई दिनों से पेशाब का रंग लाल दिख रहा है,कई दिनों से पेड़ का रंग लाल होता है।,False
शुरुआत में बपेशा निकते ही तेज भमशु होती है,शुरुआत में पेशाब निकलते ही तेज शुभम होती है,शुरूआत में बढ़ जाते ही तेज़ महसूस होती है।,False
कभ-कभ पूरा दिन कलनि जाता है पर रफि भी पेशब नहीं आता,कभी-कभी पूरा दिन निकल जाता है पर फिर भी पेशाब नहीं आता,कभी-कभी पूरा दिन कलनी जाता है।,False
कर के पासआस लतार खुजली हो रही है,कमर के आसपास लगातार खुजली हो रही है,कर के आसपास लतार खुजली हो रही है।,False
कर के चेनी सुन पर महसूस होती है,कमर के नीचे सुन पर महसूस होती है,कर के चेहनी पर महसूस होती है।,False
बैने के बाद खड़े होने पर नीपन ज्यादा बढ़ जाती है,बैठने के बाद खड़े होने पर सुन्नपन ज्यादा बढ़ जाती है,बैठने के बाद खड़े होने पर नींद ज्यादा बढ़ जाती है।,False
मेरे हाथ से धेनी तक र्दठ उठ रही है,मेरे हाथ से कंधे तक दर्द उठ रही है,मेरे हाथ से धेनी तक र्दठ उठ रही है।,False
कमर जड़ी हुई है और कमर धीसी करना मुश्किल हो गया है,कमर जकड़ी हुई है और कमर सीधी करना मुश्किल हो गया है,कमर जकड़न हुई है और कमर धीसी करना मुश्किल हो गया है।,False
हलीथे में लतार दर्द हो रहा है और नस फटक रही है,हथेली में लगातार दर्द हो रहा है और एक नस फटक रही है,हड्डी में दर्द हो रही है और नस फूलना हो रही है।,False
दर्द कभी-कभी उंगयां तक भी फल जाता है,दर्द कभी-कभी उंगलियां तक भी फैल जाता है,दर्द कभी-कभी उँगली तक भी फल जाता है।,False
चजों को हाथों से ड़नेपक में दिक्कत होती है,चीजों को हाथों से पकड़ने में दिक्कत होती है,चलने पर हाथों से ड़ने पर दिक्कत होती है।,False
कभ-कभ रात में दर् ज्यादा शानपरे करता है,कभी-कभी रात में दर्द ज्यादा परेशान करता है,कभी-कभी रात में दर्द कम हो जाता है।,False
हथ जोरी महसूस होती है और कभी-कभी जड़ी हुई भी लगती है,हथेली कमजोरी महसूस होती है और कभी-कभी जकड़ी हुई भी लगती है,हथ जोड़ महसूस होती है और कभी-कभी जकड़न भी लगती है।,False
टैंगो और हाथों में मालिश के बाद ही थोड़ी ताकत महसूस होती है,टैंगो और हाथों में मालिश के बाद ही थोड़ी ताकत महसूस होती है,टखने के बाद थोड़ी ताकत महसूस होती है।,False
पेट की चर् कई दिनों से ज्दा लग रही है,पेट की चर्बी कई दिनों से ज्यादा लग रही है,पेट की चर्चा कई दिनों से जकड़न लगती है।,False
कुछ दनों पहले मेरा आं का ऑपरेशन हुआ था,कुछ दिनों पहले मेरा आंख का ऑपरेशन हुआ था,कुछ दवा लेने पर मेरे आंकड़न का ऑपरेशन हुआ है।,False
सर्री वली जगह पर अभी भी बत दर्द होता है,सर्जरी वाली जगह पर अभी भी बहुत दर्द होता है,खाना खाने पर अभी भी दर्द होता है।,False
मेरे दाहने गल के पास एठ महसूस होती है,मेरे दाहिने गाल के पास एक गांठ महसूस होती है,मेरे दाने के बाद एड़ी महसूस होती है।,False
गां पर हल्क सी सूजन भी है लेकिन हल्का दर्द है,गांठ पर हल्की सी सूजन भी है लेकिन हल्का दर्द है,गां पर हल्कसी सूजन भी है लेकिन हल्का दर्द भी है।,False
कई दनों से पीठ में एक गांड महस हो रही है,कई दिनों से पीठ में एक गांड महसूस हो रही है,कई दनों से पीठ में एक गैस महसूस हो रही है।,False
गांठ धीर बड़ी हुई लग रही है सा लाल रंग और हल्का भी दिख रहा है,गांठ धीरे-धीरे बड़ी हुई लग रही है और हल्का सा लाल रंग भी दिख रहा है,गांठ में बड़ी हुई लगती है।,False
गांठ की वह से त्वच चीखीं हुई महसूस होती है,गांठ की वजह से त्वचा खींची हुई महसूस होती है,गांठ की त्वचा से त्वचा सूखी हुई महसूस होती है।,False
बिना वजह ही में चिडड़ापन महसूरती हूं,बिना वजह ही में चिड़चिड़ापन महसूसकरती हूं,बिना वजह ही में चिड़चिड़ापन महसूस होती है।,False
कभ मैं बहुत खुश तो कभ बहुत सउदा हो जाती हूं,कभी-कभी मैं बहुत खुश तो कभी बहुत उदास हो जाती हूं,कभी में बहुत खुजली हो जाती है।,False
अचानक बते ही मेरे गदिमा में अनगिनत ख्याल आते रहते हैं,अचानक बैठते ही मेरे दिमाग में अनगिनत ख्याल आते रहते हैं,अचानक बढ़ते ही मेरे गला में अनगिनत ख्याल आते हैं।,False
घाव के आसपास मुझे हल् पनलाल और दव महसूस होता है,घाव के आसपास मुझे हल्का लालपन और दबाव महसूस होता है,घाव के आसपास हड्डी और दव महसूस होता है।,False
ऑशनपरे के बाद से मैं बहुत कर महसूस करती हूं,ऑपरेशन के बाद से मैं बहुत कमजोर महसूस करती हूं,बैठने के बाद से कम कर महसूस होती है।,False
शुर और बपी की चिंता मुझे अक्र सताती रहती है,शुगर और बीपी की चिंता मुझे अक्सर सताती रहती है,सुबह और बढ़ जाती है।,False
रात को नींद अचानक ही टट जाती है और वास नींद आने में बहुत समय लगता है,रात को नींद अचानक ही टूट जाती है और वापस नींद आने में बहुत समय लगता है,रात को नींद अचानक ही टट जाती है और रात को नींद आने में बहुत समय लगता है।,False
वन कम करने में बहुत मुश्ल हो रही है,वजन कम करने में बहुत मुश्किल हो रही है,ठंड कम करने में बहुत मुश्त हो रही है।,False
खाना कम खान के बाजद भी मुझे अपने वन में कुछ फर् नजर नहीं आ रहा,खाना कम खाने के बावजूद भी मुझे अपने वजन में कुछ फर्क नजर नहीं आ रहा,खाना कम खाने के बाद भी नजर नहीं आता है।,False
कड़े बहुत जल्द टइट हो जाते हैं,कपड़े बहुत जल्द टाइट हो जाते हैं,कलाई बहुत जकड़न हो जाते हैं।,False
जड़ो में दर्द बना रहता है जिसे बहुत परेनी का सामना करना पड़ता है,जोड़ों में दर्द बना रहता है जिससे बहुत परेशानी का सामना करना पड़ता है,जड़ों में दर्द बना रहता है।,False
शरीर में भापन महसूस होता है और कभ-कभ ऐंन सी होती है,शरीर में भारीपन महसूस होता है और कभी-कभी ऐंठन सी होती है,शरीर में सूजन महसूस होता है और कूल्हा ऐंठन महसूस होती है।,False
शरर का कई हिस् सुन रहता है,शरीर का कई हिस्सा सुन रहता है,शरीर का कई हिस्स सुन रहता है।,False
सु जगह ठंडी लगती है बाद वहां ऐंठन और थोड़ी देर होने लगती है,सुन जगह ठंडी लगती है और थोड़ी देर बाद वहां ऐंठन होने लगती है,सुबह ठंड लगती है बाद वहां ऐंठन और थोड़ी देर होने लगती है।,False
हल्की मालश से सतन इके पर थोड़ रात मिलती है,हल्की मालिश से सन इलाके पर थोड़ी राहत मिलती है,हल्का माल से सफेद में थकान रहती है।,False
सुन इके को दने पर एहस काम होता है,सुन इलाके को दबाने पर एहसास काम होता है,सुनने पर एहसन होता है।,False
चलत समय अस्रता महसूस होती है और ड़ोंजो में दर्द होता है,चलते समय अस्थिरता महसूस होती है और जोड़ों में दर्द होता है,चलने पर समय असहनीय महसूस होती है और ड़ों में दर्द होता है।,False
गर्म होने के कारण नाक से रअक्स खून निकल जाता है,गर्मी होने के कारण नाक से अक्सर खून निकल जाता है,गर्मी होने के कारण कान से खून निकल जाता है।,False
थोड़ा सा झुने पर भी नक से खून नेआ लगता है,थोड़ा सा झुकने पर भी नाक से खून आने लगता है,थोड़ा सांस लेने पर नकसी से खून निकला लगता है।,False
खन के साथ नाक से हल्का सा क्काथ भी निकलता है,खून के साथ नाक से हल्का सा थक्का भी निकलता है,खन के साथ कान से हल्का सांस भी निकला है।,False
नक में मबग जमा हुआ है और बार-बार नक सुंगने पड़ती है,नाक में बलगम जमा हुआ है और बार-बार नाक सुंगने पड़ती है,मासिक में मसूड़ जमा हुआ है और बार-बार नकली सुन्नपन होती है।,False
ठंड हमेंवा नाक में र्द मसूस होता है,ठंडी हवा में नाक में दर्द महसूस होता है,ठंड में नाक में दर्द होता है।,False
बार-बार सुत सुत नक के अंदर दर्द नहो शुरू हो जाता है,बार-बार सुनते सुनते नाक के अंदर दर्द होने शुरू हो जाता है,मुझे सुन्न सुन्न में दर्द न हो जाता है।,False
नाक बने के काण सुंगने की क्षमता कम हो गई है,नाक बहने के कारण सुंगने की क्षमता कम हो गई है,नाक बढ़ने के बाद सुन्नपन कम हो गई है।,False
काम होने पर नक के अद एक छाला सा लगता है,जुकाम होने पर नाक के अंदर एक छाला सा लगता है,चलने पर नकली के बाद छाले सा लगता है।,False
बर-बर ने के कारण रसि भारी लगता है,बार-बार सुनने के कारण सिर भारी लगता है,परिवार ने के कारण रसिमा भारी लगता है।,False
नाक के अंदर सून और खुली दोनों ही है,नाक के अंदर सूजन और खुजली दोनों ही है,नाक के आसपास सूजन और खुजली दोनों रहती है।,False
ठंड हव का झका लगने पर सिर में दर् होने लगता है,ठंडी हवा का झोंका लगने पर सिर में दर्द होने लगता है,ठंड में झनझना लगने पर सिर में दर्द होने लगता है।,False
सर्यों में बिना टोप के हवा लने से चक्कर आते हैं,सर्दियों में बिना टोपी के हवा लगने से चक्कर आते हैं,गर्मी में बिना टोपी के कारण चक्कर आते हैं।,False
सां लते समय भी जुबा जैसा दर्द होता है,सांस लेते समय भी चुबन जैसा दर्द होता है,सांस लेते समय भी जुकाम जैसी दर्द होता है।,False
कभ-कभ धकन जैसा दर्द महस होता है,कभी-कभी धड़कन जैसा दर्द महसूस होता है,कभी-कभी धड़कन जैसी दर्द महसूस होता है।,False
मेरे खोंआं के आसपास की कई नलसों में लाल पान दिखाई दे रहा है,मेरे आंखों के आसपास की कई नसों में लाल पान दिखाई दे रहा है,मेरे खून के आसपास की कई नलियों में लालिमा दिखाई रहता है।,False
गिरन क करण नाक पर बहत टचो लग गई है और दर्द हो रहा है,गिरने के कारण नाक पर बहुत चोट लग गई है और दर्द हो रहा है,खाना खाने के बाद दर्द हो गई है और दर्द हो गई है।,False
संक्मत जगह पर लापन और सूजन है,संक्रमित जगह पर लालपन और सूजन है,संक्रमण में लापन और सूजन है।,False
हल्क सा दबने पर भी दमवा निकलता है और दर्द होती है,हल्का सा दबाने पर भी मवाद निकलता है और दर्द होती है,हफ्ते से दबने पर भी दर्द होती है और दर्द होती है।,False
ख्मज ग्म और दर्दनाक मसूस होता है,जख्म ग्राम और दर्दनाक महसूस होता है,मुझे गैस और दर्दनाक मसूस होता है।,False
संक्मण धरे-धरे आसपास के चात्व पर फैल रहा है,संक्रमण धीरे-धीरे आसपास के त्वचा पर फैल रहा है,संक्रमण धड़कन के आसपास के चाण पर फूल रही है।,False
रात में संक्ण वाली जगह ज्यादा दुती है और खुजली होती है,रात में संक्रमण वाली जगह ज्यादा दुखती है और खुजली होती है,रात में संक्रमण वाली जगह ज्यादा होती है और खुजली होती है।,False
संक्रमण की वह से त्वचा हल्क लीपी भी दिखाई दे रही है,संक्रमण की वजह से त्वचा हल्की पीली भी दिखाई दे रही है,संक्रमण की त्वचा से त्वचा हल्कली भी दिखाई रहती है।,False
मेरी आखों का रंग हल् पला हो गया है और रात में हल्की जलन महसूस होती है,मेरी आंखों का रंग हल्का पीला हो गया है और रात में हल्की जलन महसूस होती है,मेरे आँखों का रंग हल् पला हो गया है और रात में हल्का जलन महसूस होती है।,False
मवद नकलने की वजह से कभ-कभ बबू भी आती है,मवाद निकालने की वजह से कभी-कभी बदबू भी आती है,मुझे नकलने की वजह से कूल्हा भी आती है।,False
संक्ण के कारण कपड़ लगाने में भी दर्द होता है,संक्रमण के कारण कपड़े लगाने में भी दर्द होता है,संक्रमण के कारण कपड़ लगाने में दर्द होता है।,False
पेल्वक स्सेहि में कमजोरी महसूस होती है,पेल्विक हिस्से में कमजोरी महसूस होती है,पीरियड्स में कमजोरी महसूस होती है।,False
हथ से नेदबा पर भी तकत महस नहीं होती है,हाथ से दबाने पर भी ताकत महसूस नहीं होती है,हथ से नेदबा पर भी तकलीफ महसूस होती है।,False
दन के अंत में और सते समय करीमजो ज्यादा हो जाती है,दिन के अंत में और सोते समय कमजोरी ज्यादा हो जाती है,नाक के आसपास करीमजोरी कम हो जाती है।,False
चलत समय नचे का हिस्सा ढला ढला लगता है,चलते समय नीचे का हिस्सा ढीला ढीला लगता है,चलने पर समय नचे का हिस्सा ढला लगता है।,False
लंबे सय तक एक ही जगह खड होने में दिक् महसूस होती है,लंबे समय तक एक ही जगह खड़े होने में दिक्कत महसूस होती है,लंबे समय तक एक ही जगह खून होने में दिक्कत महसूस होती है।,False
पेल्क हिस्स में सून दखाई द रही है,पेल्विक हिस्से में सूजन दिखाई दे रही है,पीरियड्स में सून दस्त रहती है।,False
सूजन के काण शरर का कलानि हिस् भारी लग रहा है,सूजन के कारण शरीर का निकला हिस्सा भारी लग रहा है,सूजन के बाद शरीर का संक्रमण महसूस होता है।,False
ठंड कोर लगने पर हल्क रात मिती है और सूजन में फर्क लगता है,ठंड टकोर लगने पर हल्की राहत मिलती है और सूजन में फर्क लगता है,ठंड को लगने पर हल्क रात निकती है और सूजन में फर्क लगता है।,False
अचक बहुत तेज घबट होने लगती है,अचानक बहुत तेज घबराहट होने लगती है,अचानक बहुत तेज़ घबराहट होने लगती है।,False
घबराहट के कारण दल बहुत तेज कनधड़ करने लगता है,घबराहट के कारण दिल बहुत तेज धड़कन करने लगता है,घबराहट के कारण दल बहुत तेज़ कट करने लगता है।,False
घहट के कारण ऐसा लता है कि जसे कुछ बुर हने वाला है,घबराहट के कारण ऐसा लगता है कि जैसे कुछ बुरा होने वाला है,घाव के कारण ऐंठन होने लगता है।,False
तब रात के समय मेरे हाथ पैर ठंड पड़ने लगते हैं,तब राहत के समय मेरे हाथ पैर ठंडा पड़ने लगते हैं,रात के समय मेरे हाथ पैर ठंड लगने लगती हैं।,False
छत पर दबाव सा लगता है जब झेमु घबराहट होने लगती है,छाती पर दबाव सा लगता है जब मुझे घबराहट होने लगती है,छाती पर दबाव सा लगता है।,False
कभ-क कुछ नटमि के बाद घबरा खुद ही ठीक हो जाती है,कभी-कभी कुछ मिनट के बाद घबराहट खुद ही ठीक हो जाती है,कभी-क कुछ नटने के बाद घबरा खुजली खुद ही ठीक हो जाती है।,False
गहर सस लेने में नाईकठि का साना करना पड़ता है,गहरी सांस लेने में कठिनाई का सामना करना पड़ता है,गैस लेने में नाखून का सांस करना रहता है।,False
अक्र गहर सांस लेते हुए छाती में दव सा महसूस होता है,अक्सर गहरी सांस लेते हुए छाती में दबाव सा महसूस होता है,अचानक सांस लेते ही छाती में दव सांस महसूस होता है।,False
तेज से सांस लेने पर घहट होने लगती है और ल की धडकन तज हो जाती है,तेजी से सांस लेने पर घबराहट होने लगती है और दिल की धड़कन तेज हो जाती है,तेज से सांस लेने पर घाव महसूस हो जाती है और ल की धड़कन महसूस हो जाती है।,False
सीढ़ियां चढ़ समय भी सांस टूने लगती है और चक्र आते हैं,सीढ़ियां चढ़ते समय भी सांस टूटने लगती है और चक्कर आते हैं,सुबह उठते समय भी सांस फूलने लगती है और चोट आती है।,False
जोर से सस लेने के कारण चक् जैसा महसूस होता है,जोर से सांस लेने के कारण चक्कर जैसा महसूस होता है,जोड़ से पसली लेने के कारण चक्कर जैसी महसूस होता है।,False
कभी-कभी खाना खाना से पहले मुझे उल् जैस महसूस होता है,कभी-कभी खाना खाने से पहले मुझे उल्टी जैसा महसूस होता है,कभी-कभी खाना खाना से पहले मुझे उल्कुल जैस महसूस होता है।,False
कर और पट के अंदर हल्क दर् बना रहता है,कमर और पेट के अंदर हल्का दर्द बना रहता है,कर और पट के आसपास हल्क दर्द बना रहता है।,False
